file,true_class,true_index,predicted_class,predicted_index,correct,confidence,prob_left,prob_right,prob_up,prob_down
dataset_external/down/down_00000.jpg,down,3,down,3,yes,1.000000,0.000000,0.000000,0.000000,1.000000
dataset_external/down/down_00001.jpg,down,3,down,3,yes,0.999994,0.000000,0.000000,0.000005,0.999994
dataset_external/down/down_00002.jpg,down,3,down,3,yes,1.000000,0.000000,0.000000,0.000000,1.000000
dataset_external/down/down_00003.jpg,down,3,down,3,yes,0.998447,0.000098,0.000075,0.001380,0.998447
dataset_external/down/down_00004.jpg,down,3,down,3,yes,1.000000,0.000000,0.000000,0.000000,1.000000
dataset_external/down/down_00005.jpg,down,3,down,3,yes,0.996847,0.000016,0.000136,0.003001,0.996847
dataset_external/down/down_00006.jpg,down,3,down,3,yes,0.925545,0.074163,0.000002,0.000289,0.925545
dataset_external/down/down_00007.jpg,down,3,down,3,yes,0.999940,0.000034,0.000025,0.000000,0.999940
dataset_external/down/down_00008.jpg,down,3,down,3,yes,0.999999,0.000000,0.000001,0.000000,0.999999
dataset_external/down/down_00009.jpg,down,3,down,3,yes,0.999965,0.000002,0.000031,0.000002,0.999965
dataset_external/down/down_00010.jpg,down,3,down,3,yes,0.999995,0.000000,0.000000,0.000004,0.999995
dataset_external/down/down_00011.jpg,down,3,down,3,yes,0.999990,0.000000,0.000004,0.000006,0.999990
dataset_external/down/down_00012.jpg,down,3,down,3,yes,0.989217,0.000024,0.000864,0.009896,0.989217
dataset_external/down/down_00013.jpg,down,3,down,3,yes,1.000000,0.000000,0.000000,0.000000,1.000000
dataset_external/down/down_00014.jpg,down,3,down,3,yes,1.000000,0.000000,0.000000,0.000000,1.000000
dataset_external/down/down_00015.jpg,down,3,down,3,yes,0.992413,0.000059,0.002355,0.005173,0.992413
dataset_external/down/down_00016.jpg,down,3,down,3,yes,0.999994,0.000000,0.000001,0.000005,0.999994
dataset_external/down/down_00017.jpg,down,3,down,3,yes,0.987256,0.000006,0.000002,0.012736,0.987256
dataset_external/down/down_00018.jpg,down,3,down,3,yes,0.999953,0.000000,0.000001,0.000046,0.999953
dataset_external/down/down_00019.jpg,down,3,down,3,yes,0.999997,0.000000,0.000003,0.000000,0.999997
dataset_external/down/down_00020.jpg,down,3,down,3,yes,0.999295,0.000001,0.000000,0.000704,0.999295
dataset_external/down/down_00021.jpg,down,3,down,3,yes,0.999901,0.000060,0.000037,0.000001,0.999901
dataset_external/down/down_00022.jpg,down,3,down,3,yes,0.999529,0.000121,0.000141,0.000208,0.999529
dataset_external/down/down_00023.jpg,down,3,down,3,yes,0.999997,0.000000,0.000000,0.000002,0.999997
dataset_external/down/down_00024.jpg,down,3,down,3,yes,0.999990,0.000000,0.000002,0.000009,0.999990
dataset_external/down/down_00025.jpg,down,3,down,3,yes,0.999890,0.000000,0.000000,0.000110,0.999890
dataset_external/down/down_00026.jpg,down,3,down,3,yes,0.999989,0.000000,0.000000,0.000011,0.999989
dataset_external/down/down_00027.jpg,down,3,down,3,yes,0.999826,0.000000,0.000000,0.000173,0.999826
dataset_external/down/down_00028.jpg,down,3,down,3,yes,0.999818,0.000000,0.000001,0.000180,0.999818
dataset_external/down/down_00029.jpg,down,3,down,3,yes,0.999942,0.000015,0.000028,0.000015,0.999942
dataset_external/down/down_00030.jpg,down,3,down,3,yes,0.999997,0.000000,0.000003,0.000000,0.999997
dataset_external/down/down_00031.jpg,down,3,down,3,yes,0.999988,0.000000,0.000002,0.000010,0.999988
dataset_external/down/down_00032.jpg,down,3,down,3,yes,0.999972,0.000001,0.000020,0.000007,0.999972
dataset_external/down/down_00033.jpg,down,3,down,3,yes,0.999941,0.000000,0.000058,0.000000,0.999941
dataset_external/down/down_00034.jpg,down,3,down,3,yes,0.999894,0.000096,0.000006,0.000004,0.999894
dataset_external/down/down_00035.jpg,down,3,down,3,yes,0.999996,0.000000,0.000004,0.000000,0.999996
dataset_external/down/down_00036.jpg,down,3,down,3,yes,0.999936,0.000003,0.000000,0.000061,0.999936
dataset_external/down/down_00037.jpg,down,3,down,3,yes,0.996667,0.000001,0.000028,0.003304,0.996667
dataset_external/down/down_00038.jpg,down,3,down,3,yes,0.999754,0.000001,0.000009,0.000236,0.999754
dataset_external/down/down_00039.jpg,down,3,down,3,yes,1.000000,0.000000,0.000000,0.000000,1.000000
dataset_external/down/down_00040.jpg,down,3,down,3,yes,1.000000,0.000000,0.000000,0.000000,1.000000
dataset_external/down/down_00041.jpg,down,3,down,3,yes,0.999922,0.000000,0.000002,0.000076,0.999922
dataset_external/down/down_00042.jpg,down,3,down,3,yes,0.999997,0.000000,0.000000,0.000003,0.999997
dataset_external/down/down_00043.jpg,down,3,down,3,yes,0.999992,0.000003,0.000002,0.000002,0.999992
dataset_external/down/down_00044.jpg,down,3,down,3,yes,1.000000,0.000000,0.000000,0.000000,1.000000
dataset_external/down/down_00045.jpg,down,3,down,3,yes,1.000000,0.000000,0.000000,0.000000,1.000000
dataset_external/down/down_00046.jpg,down,3,down,3,yes,1.000000,0.000000,0.000000,0.000000,1.000000
dataset_external/down/down_00047.jpg,down,3,down,3,yes,0.919064,0.021814,0.000796,0.058326,0.919064
dataset_external/down/down_00048.jpg,down,3,down,3,yes,0.999993,0.000001,0.000003,0.000003,0.999993
dataset_external/down/down_00049.jpg,down,3,down,3,yes,0.906267,0.000008,0.000023,0.093703,0.906267
dataset_external/down/down_00050.jpg,down,3,down,3,yes,0.998979,0.000000,0.000003,0.001018,0.998979
dataset_external/down/down_00051.jpg,down,3,down,3,yes,1.000000,0.000000,0.000000,0.000000,1.000000
dataset_external/down/down_00052.jpg,down,3,down,3,yes,0.999983,0.000000,0.000017,0.000000,0.999983
dataset_external/down/down_00053.jpg,down,3,down,3,yes,0.999916,0.000062,0.000001,0.000021,0.999916
dataset_external/down/down_00054.jpg,down,3,down,3,yes,0.992717,0.000011,0.000629,0.006643,0.992717
dataset_external/down/down_00055.jpg,down,3,down,3,yes,0.999535,0.000044,0.000006,0.000416,0.999535
dataset_external/down/down_00056.jpg,down,3,down,3,yes,0.999999,0.000000,0.000001,0.000000,0.999999
dataset_external/down/down_00057.jpg,down,3,down,3,yes,0.999789,0.000000,0.000005,0.000206,0.999789
dataset_external/down/down_00058.jpg,down,3,down,3,yes,0.999479,0.000000,0.000346,0.000175,0.999479
dataset_external/down/down_00059.jpg,down,3,down,3,yes,0.994790,0.004172,0.000025,0.001013,0.994790
dataset_external/down/down_00060.jpg,down,3,down,3,yes,0.999994,0.000001,0.000002,0.000003,0.999994
dataset_external/down/down_00061.jpg,down,3,down,3,yes,0.992208,0.001476,0.000038,0.006279,0.992208
dataset_external/down/down_00062.jpg,down,3,down,3,yes,0.999954,0.000000,0.000046,0.000000,0.999954
dataset_external/down/down_00063.jpg,down,3,down,3,yes,0.999889,0.000000,0.000072,0.000039,0.999889
dataset_external/down/down_00064.jpg,down,3,down,3,yes,0.999967,0.000000,0.000032,0.000000,0.999967
dataset_external/down/down_00065.jpg,down,3,down,3,yes,0.989886,0.000012,0.000016,0.010086,0.989886
dataset_external/down/down_00066.jpg,down,3,down,3,yes,0.999949,0.000000,0.000027,0.000024,0.999949
dataset_external/down/down_00067.jpg,down,3,down,3,yes,0.998519,0.000362,0.000002,0.001117,0.998519
dataset_external/down/down_00068.jpg,down,3,down,3,yes,0.999975,0.000002,0.000008,0.000016,0.999975
dataset_external/down/down_00069.jpg,down,3,down,3,yes,0.999927,0.000037,0.000001,0.000035,0.999927
dataset_external/down/down_00070.jpg,down,3,down,3,yes,1.000000,0.000000,0.000000,0.000000,1.000000
dataset_external/down/down_00071.jpg,down,3,down,3,yes,0.999927,0.000000,0.000001,0.000071,0.999927
dataset_external/down/down_00072.jpg,down,3,down,3,yes,0.999982,0.000000,0.000001,0.000017,0.999982
dataset_external/down/down_00073.jpg,down,3,down,3,yes,0.999953,0.000000,0.000001,0.000046,0.999953
dataset_external/down/down_00074.jpg,down,3,down,3,yes,0.999996,0.000001,0.000000,0.000002,0.999996
dataset_external/down/down_00075.jpg,down,3,down,3,yes,0.999718,0.000178,0.000024,0.000080,0.999718
dataset_external/down/down_00076.jpg,down,3,down,3,yes,0.999998,0.000001,0.000001,0.000000,0.999998
dataset_external/down/down_00077.jpg,down,3,down,3,yes,0.999918,0.000003,0.000001,0.000078,0.999918
dataset_external/down/down_00078.jpg,down,3,down,3,yes,0.978250,0.007921,0.012379,0.001450,0.978250
dataset_external/down/down_00079.jpg,down,3,down,3,yes,0.999981,0.000007,0.000000,0.000012,0.999981
dataset_external/down/down_00080.jpg,down,3,down,3,yes,0.999927,0.000000,0.000001,0.000071,0.999927
dataset_external/down/down_00081.jpg,down,3,down,3,yes,0.996713,0.001015,0.000003,0.002268,0.996713
dataset_external/down/down_00082.jpg,down,3,down,3,yes,0.999397,0.000002,0.000391,0.000210,0.999397
dataset_external/down/down_00083.jpg,down,3,down,3,yes,0.998949,0.000325,0.000693,0.000034,0.998949
dataset_external/down/down_00084.jpg,down,3,down,3,yes,0.999986,0.000007,0.000001,0.000005,0.999986
dataset_external/down/down_00085.jpg,down,3,down,3,yes,0.999996,0.000003,0.000000,0.000001,0.999996
dataset_external/down/down_00086.jpg,down,3,down,3,yes,0.999959,0.000001,0.000017,0.000024,0.999959
dataset_external/down/down_00087.jpg,down,3,down,3,yes,0.999134,0.000000,0.000000,0.000866,0.999134
dataset_external/down/down_00088.jpg,down,3,down,3,yes,0.999992,0.000001,0.000003,0.000004,0.999992
dataset_external/down/down_00089.jpg,down,3,down,3,yes,0.997152,0.002413,0.000127,0.000308,0.997152
dataset_external/down/down_00090.jpg,down,3,down,3,yes,0.999969,0.000011,0.000000,0.000020,0.999969
dataset_external/down/down_00091.jpg,down,3,down,3,yes,0.982771,0.000013,0.011727,0.005489,0.982771
dataset_external/down/down_00092.jpg,down,3,down,3,yes,0.999683,0.000002,0.000043,0.000272,0.999683
dataset_external/down/down_00093.jpg,down,3,down,3,yes,0.998389,0.001351,0.000021,0.000239,0.998389
dataset_external/down/down_00094.jpg,down,3,down,3,yes,0.992019,0.000356,0.000002,0.007623,0.992019
dataset_external/down/down_00095.jpg,down,3,down,3,yes,0.999981,0.000000,0.000002,0.000017,0.999981
dataset_external/down/down_00096.jpg,down,3,down,3,yes,0.999934,0.000005,0.000009,0.000052,0.999934
dataset_external/down/down_00097.jpg,down,3,down,3,yes,0.999991,0.000000,0.000001,0.000008,0.999991
dataset_external/down/down_00098.jpg,down,3,down,3,yes,1.000000,0.000000,0.000000,0.000000,1.000000
dataset_external/down/down_00099.jpg,down,3,down,3,yes,0.999588,0.000001,0.000121,0.000289,0.999588
dataset_external/down/down_00100.jpg,down,3,down,3,yes,0.999879,0.000115,0.000000,0.000006,0.999879
dataset_external/down/down_00101.jpg,down,3,down,3,yes,0.999994,0.000000,0.000004,0.000001,0.999994
dataset_external/down/down_00102.jpg,down,3,down,3,yes,0.998669,0.000001,0.000004,0.001326,0.998669
dataset_external/down/down_00103.jpg,down,3,down,3,yes,0.999704,0.000016,0.000004,0.000276,0.999704
dataset_external/down/down_00104.jpg,down,3,down,3,yes,0.994676,0.000017,0.000031,0.005277,0.994676
dataset_external/down/down_00105.jpg,down,3,down,3,yes,0.999587,0.000172,0.000015,0.000225,0.999587
dataset_external/down/down_00106.jpg,down,3,down,3,yes,0.999916,0.000011,0.000013,0.000060,0.999916
dataset_external/down/down_00107.jpg,down,3,down,3,yes,0.999947,0.000001,0.000013,0.000039,0.999947
dataset_external/down/down_00108.jpg,down,3,down,3,yes,0.999965,0.000000,0.000001,0.000033,0.999965
dataset_external/down/down_00109.jpg,down,3,down,3,yes,0.999999,0.000000,0.000001,0.000000,0.999999
dataset_external/down/down_00110.jpg,down,3,down,3,yes,0.999919,0.000002,0.000054,0.000025,0.999919
dataset_external/down/down_00111.jpg,down,3,down,3,yes,0.831292,0.157701,0.010385,0.000622,0.831292
dataset_external/down/down_00112.jpg,down,3,down,3,yes,0.999793,0.000008,0.000032,0.000166,0.999793
dataset_external/down/down_00113.jpg,down,3,down,3,yes,1.000000,0.000000,0.000000,0.000000,1.000000
dataset_external/down/down_00114.jpg,down,3,down,3,yes,0.999998,0.000000,0.000000,0.000002,0.999998
dataset_external/down/down_00115.jpg,down,3,down,3,yes,0.999797,0.000000,0.000000,0.000203,0.999797
dataset_external/down/down_00116.jpg,down,3,down,3,yes,0.999518,0.000016,0.000234,0.000232,0.999518
dataset_external/down/down_00117.jpg,down,3,down,3,yes,0.999993,0.000000,0.000004,0.000003,0.999993
dataset_external/down/down_00118.jpg,down,3,down,3,yes,0.999446,0.000006,0.000045,0.000503,0.999446
dataset_external/down/down_00119.jpg,down,3,down,3,yes,0.993557,0.005152,0.000008,0.001283,0.993557
dataset_external/down/down_00120.jpg,down,3,down,3,yes,0.999350,0.000572,0.000007,0.000071,0.999350
dataset_external/down/down_00121.jpg,down,3,down,3,yes,0.999972,0.000015,0.000002,0.000010,0.999972
dataset_external/down/down_00122.jpg,down,3,down,3,yes,1.000000,0.000000,0.000000,0.000000,1.000000
dataset_external/down/down_00123.jpg,down,3,down,3,yes,0.999999,0.000000,0.000001,0.000001,0.999999
dataset_external/down/down_00124.jpg,down,3,down,3,yes,0.999949,0.000000,0.000009,0.000042,0.999949
dataset_external/down/down_00125.jpg,down,3,down,3,yes,0.999820,0.000167,0.000001,0.000012,0.999820
dataset_external/down/down_00126.jpg,down,3,down,3,yes,0.999999,0.000001,0.000000,0.000000,0.999999
dataset_external/down/down_00127.jpg,down,3,down,3,yes,1.000000,0.000000,0.000000,0.000000,1.000000
dataset_external/down/down_00128.jpg,down,3,down,3,yes,0.999859,0.000002,0.000002,0.000137,0.999859
dataset_external/down/down_00129.jpg,down,3,down,3,yes,0.999236,0.000004,0.000000,0.000760,0.999236
dataset_external/down/down_00130.jpg,down,3,down,3,yes,0.999998,0.000000,0.000000,0.000001,0.999998
dataset_external/down/down_00131.jpg,down,3,down,3,yes,1.000000,0.000000,0.000000,0.000000,1.000000
dataset_external/down/down_00132.jpg,down,3,down,3,yes,1.000000,0.000000,0.000000,0.000000,1.000000
dataset_external/down/down_00133.jpg,down,3,down,3,yes,0.999532,0.000296,0.000056,0.000117,0.999532
dataset_external/down/down_00134.jpg,down,3,down,3,yes,0.999980,0.000003,0.000013,0.000004,0.999980
dataset_external/down/down_00135.jpg,down,3,down,3,yes,0.999990,0.000000,0.000008,0.000002,0.999990
dataset_external/down/down_00136.jpg,down,3,down,3,yes,0.999996,0.000000,0.000001,0.000003,0.999996
dataset_external/down/down_00137.jpg,down,3,down,3,yes,0.785092,0.165530,0.000391,0.048987,0.785092
dataset_external/down/down_00138.jpg,down,3,down,3,yes,0.999977,0.000022,0.000000,0.000001,0.999977
dataset_external/down/down_00139.jpg,down,3,down,3,yes,0.999985,0.000000,0.000000,0.000015,0.999985
dataset_external/down/down_00140.jpg,down,3,down,3,yes,0.979094,0.000939,0.004852,0.015115,0.979094
dataset_external/down/down_00141.jpg,down,3,down,3,yes,0.984113,0.000622,0.000003,0.015262,0.984113
dataset_external/down/down_00142.jpg,down,3,down,3,yes,0.986142,0.000013,0.000121,0.013724,0.986142
dataset_external/down/down_00143.jpg,down,3,down,3,yes,0.999750,0.000002,0.000003,0.000245,0.999750
dataset_external/down/down_00144.jpg,down,3,down,3,yes,0.999992,0.000005,0.000001,0.000002,0.999992
dataset_external/down/down_00145.jpg,down,3,down,3,yes,0.999262,0.000099,0.000362,0.000277,0.999262
dataset_external/down/down_00146.jpg,down,3,down,3,yes,0.999989,0.000000,0.000000,0.000011,0.999989
dataset_external/down/down_00147.jpg,down,3,down,3,yes,0.996315,0.000001,0.000001,0.003683,0.996315
dataset_external/down/down_00148.jpg,down,3,down,3,yes,0.999171,0.000200,0.000236,0.000393,0.999171
dataset_external/down/down_00149.jpg,down,3,down,3,yes,0.995196,0.004793,0.000004,0.000007,0.995196
dataset_external/down/down_00150.jpg,down,3,down,3,yes,0.999883,0.000035,0.000035,0.000047,0.999883
dataset_external/down/down_00151.jpg,down,3,down,3,yes,0.997712,0.000205,0.000087,0.001996,0.997712
dataset_external/down/down_00152.jpg,down,3,down,3,yes,0.996167,0.000004,0.000152,0.003677,0.996167
dataset_external/down/down_00153.jpg,down,3,down,3,yes,1.000000,0.000000,0.000000,0.000000,1.000000
dataset_external/down/down_00154.jpg,down,3,down,3,yes,0.999998,0.000000,0.000002,0.000000,0.999998
dataset_external/down/down_00155.jpg,down,3,down,3,yes,0.999979,0.000004,0.000010,0.000007,0.999979
dataset_external/down/down_00156.jpg,down,3,down,3,yes,0.996632,0.001643,0.001638,0.000087,0.996632
dataset_external/down/down_00157.jpg,down,3,down,3,yes,0.999782,0.000002,0.000211,0.000005,0.999782
dataset_external/down/down_00158.jpg,down,3,down,3,yes,0.999502,0.000016,0.000054,0.000428,0.999502
dataset_external/down/down_00159.jpg,down,3,down,3,yes,0.999627,0.000001,0.000361,0.000010,0.999627
dataset_external/down/down_00160.jpg,down,3,down,3,yes,0.999998,0.000001,0.000001,0.000000,0.999998
dataset_external/down/down_00161.jpg,down,3,down,3,yes,0.999866,0.000000,0.000001,0.000133,0.999866
dataset_external/down/down_00162.jpg,down,3,down,3,yes,0.997081,0.000839,0.002075,0.000005,0.997081
dataset_external/down/down_00163.jpg,down,3,down,3,yes,0.999962,0.000008,0.000001,0.000030,0.999962
dataset_external/down/down_00164.jpg,down,3,down,3,yes,0.996841,0.000787,0.000419,0.001952,0.996841
dataset_external/down/down_00165.jpg,down,3,down,3,yes,0.999586,0.000001,0.000003,0.000411,0.999586
dataset_external/down/down_00166.jpg,down,3,down,3,yes,0.999986,0.000000,0.000003,0.000011,0.999986
dataset_external/down/down_00167.jpg,down,3,down,3,yes,0.999984,0.000000,0.000014,0.000001,0.999984
dataset_external/down/down_00168.jpg,down,3,down,3,yes,0.999907,0.000000,0.000000,0.000093,0.999907
dataset_external/down/down_00169.jpg,down,3,down,3,yes,0.997816,0.000007,0.002146,0.000031,0.997816
dataset_external/down/down_00170.jpg,down,3,down,3,yes,0.993524,0.000007,0.000011,0.006458,0.993524
dataset_external/down/down_00171.jpg,down,3,down,3,yes,1.000000,0.000000,0.000000,0.000000,1.000000
dataset_external/down/down_00172.jpg,down,3,down,3,yes,0.997555,0.000490,0.000081,0.001873,0.997555
dataset_external/down/down_00173.jpg,down,3,down,3,yes,0.999997,0.000000,0.000003,0.000000,0.999997
dataset_external/down/down_00174.jpg,down,3,down,3,yes,0.999999,0.000000,0.000000,0.000001,0.999999
dataset_external/down/down_00175.jpg,down,3,down,3,yes,0.999993,0.000000,0.000003,0.000004,0.999993
dataset_external/down/down_00176.jpg,down,3,down,3,yes,0.999998,0.000000,0.000001,0.000001,0.999998
dataset_external/down/down_00177.jpg,down,3,down,3,yes,0.995777,0.000005,0.000011,0.004208,0.995777
dataset_external/down/down_00178.jpg,down,3,down,3,yes,1.000000,0.000000,0.000000,0.000000,1.000000
dataset_external/down/down_00179.jpg,down,3,down,3,yes,0.999999,0.000000,0.000000,0.000001,0.999999
dataset_external/down/down_00180.jpg,down,3,down,3,yes,0.886796,0.000197,0.003081,0.109925,0.886796
dataset_external/down/down_00181.jpg,down,3,down,3,yes,0.999991,0.000000,0.000001,0.000008,0.999991
dataset_external/down/down_00182.jpg,down,3,down,3,yes,1.000000,0.000000,0.000000,0.000000,1.000000
dataset_external/down/down_00183.jpg,down,3,down,3,yes,0.999998,0.000000,0.000000,0.000002,0.999998
dataset_external/down/down_00184.jpg,down,3,down,3,yes,0.999977,0.000000,0.000000,0.000023,0.999977
dataset_external/down/down_00185.jpg,down,3,down,3,yes,0.999979,0.000000,0.000000,0.000021,0.999979
dataset_external/down/down_00186.jpg,down,3,down,3,yes,0.999979,0.000001,0.000017,0.000003,0.999979
dataset_external/down/down_00187.jpg,down,3,down,3,yes,0.870356,0.000000,0.000002,0.129642,0.870356
dataset_external/down/down_00188.jpg,down,3,down,3,yes,0.999726,0.000116,0.000125,0.000033,0.999726
dataset_external/down/down_00189.jpg,down,3,down,3,yes,0.999705,0.000000,0.000268,0.000028,0.999705
dataset_external/down/down_00190.jpg,down,3,down,3,yes,0.999989,0.000001,0.000000,0.000010,0.999989
dataset_external/down/down_00191.jpg,down,3,down,3,yes,0.985438,0.014330,0.000184,0.000048,0.985438
dataset_external/down/down_00192.jpg,down,3,down,3,yes,0.997309,0.000378,0.000091,0.002222,0.997309
dataset_external/down/down_00193.jpg,down,3,down,3,yes,1.000000,0.000000,0.000000,0.000000,1.000000
dataset_external/down/down_00194.jpg,down,3,down,3,yes,0.999983,0.000016,0.000000,0.000000,0.999983
dataset_external/down/down_00195.jpg,down,3,down,3,yes,0.987817,0.000626,0.006622,0.004935,0.987817
dataset_external/down/down_00196.jpg,down,3,down,3,yes,0.999997,0.000000,0.000001,0.000002,0.999997
dataset_external/down/down_00197.jpg,down,3,down,3,yes,0.999995,0.000004,0.000000,0.000000,0.999995
dataset_external/down/down_00198.jpg,down,3,down,3,yes,0.999988,0.000000,0.000000,0.000012,0.999988
dataset_external/down/down_00199.jpg,down,3,down,3,yes,0.999998,0.000001,0.000001,0.000001,0.999998
dataset_external/down/down_00200.jpg,down,3,down,3,yes,0.999999,0.000000,0.000000,0.000001,0.999999
dataset_external/down/down_00201.jpg,down,3,down,3,yes,0.809636,0.000380,0.000135,0.189849,0.809636
dataset_external/down/down_00202.jpg,down,3,down,3,yes,0.994410,0.000007,0.000216,0.005368,0.994410
dataset_external/down/down_00203.jpg,down,3,down,3,yes,0.999936,0.000000,0.000001,0.000063,0.999936
dataset_external/down/down_00204.jpg,down,3,down,3,yes,0.999959,0.000000,0.000001,0.000040,0.999959
dataset_external/down/down_00205.jpg,down,3,down,3,yes,0.999958,0.000008,0.000001,0.000033,0.999958
dataset_external/down/down_00206.jpg,down,3,down,3,yes,0.997212,0.000333,0.001294,0.001161,0.997212
dataset_external/down/down_00207.jpg,down,3,down,3,yes,0.999911,0.000001,0.000000,0.000088,0.999911
dataset_external/down/down_00208.jpg,down,3,down,3,yes,0.999915,0.000002,0.000082,0.000001,0.999915
dataset_external/down/down_00209.jpg,down,3,down,3,yes,0.999903,0.000000,0.000018,0.000079,0.999903
dataset_external/down/down_00210.jpg,down,3,down,3,yes,0.675179,0.319874,0.000782,0.004166,0.675179
dataset_external/down/down_00211.jpg,down,3,down,3,yes,0.994873,0.000002,0.000003,0.005123,0.994873
dataset_external/down/down_00212.jpg,down,3,down,3,yes,0.999955,0.000007,0.000008,0.000030,0.999955
dataset_external/down/down_00213.jpg,down,3,down,3,yes,1.000000,0.000000,0.000000,0.000000,1.000000
dataset_external/down/down_00214.jpg,down,3,down,3,yes,0.992381,0.007171,0.000365,0.000082,0.992381
dataset_external/down/down_00215.jpg,down,3,down,3,yes,0.999915,0.000002,0.000001,0.000082,0.999915
dataset_external/down/down_00216.jpg,down,3,down,3,yes,0.999999,0.000000,0.000000,0.000001,0.999999
dataset_external/down/down_00217.jpg,down,3,down,3,yes,1.000000,0.000000,0.000000,0.000000,1.000000
dataset_external/down/down_00218.jpg,down,3,down,3,yes,0.981405,0.000066,0.001258,0.017272,0.981405
dataset_external/down/down_00219.jpg,down,3,down,3,yes,0.999707,0.000157,0.000019,0.000118,0.999707
dataset_external/down/down_00220.jpg,down,3,down,3,yes,1.000000,0.000000,0.000000,0.000000,1.000000
dataset_external/down/down_00221.jpg,down,3,down,3,yes,0.999871,0.000000,0.000009,0.000120,0.999871
dataset_external/down/down_00222.jpg,down,3,down,3,yes,0.999767,0.000004,0.000176,0.000054,0.999767
dataset_external/down/down_00223.jpg,down,3,down,3,yes,1.000000,0.000000,0.000000,0.000000,1.000000
dataset_external/down/down_00224.jpg,down,3,down,3,yes,1.000000,0.000000,0.000000,0.000000,1.000000
dataset_external/down/down_00225.jpg,down,3,down,3,yes,0.999787,0.000006,0.000001,0.000206,0.999787
dataset_external/down/down_00226.jpg,down,3,down,3,yes,0.999243,0.000003,0.000020,0.000734,0.999243
dataset_external/down/down_00227.jpg,down,3,down,3,yes,0.996408,0.000014,0.000115,0.003462,0.996408
dataset_external/down/down_00228.jpg,down,3,down,3,yes,0.999995,0.000000,0.000005,0.000000,0.999995
dataset_external/down/down_00229.jpg,down,3,down,3,yes,0.985490,0.000371,0.000153,0.013986,0.985490
dataset_external/down/down_00230.jpg,down,3,down,3,yes,0.954946,0.002675,0.001891,0.040488,0.954946
dataset_external/down/down_00231.jpg,down,3,down,3,yes,0.998972,0.000055,0.000000,0.000972,0.998972
dataset_external/down/down_00232.jpg,down,3,down,3,yes,0.999999,0.000000,0.000001,0.000000,0.999999
dataset_external/down/down_00233.jpg,down,3,down,3,yes,0.999374,0.000003,0.000004,0.000620,0.999374
dataset_external/down/down_00234.jpg,down,3,down,3,yes,0.999992,0.000000,0.000005,0.000003,0.999992
dataset_external/down/down_00235.jpg,down,3,down,3,yes,0.999998,0.000000,0.000002,0.000000,0.999998
dataset_external/down/down_00236.jpg,down,3,down,3,yes,0.999995,0.000001,0.000004,0.000001,0.999995
dataset_external/down/down_00237.jpg,down,3,down,3,yes,0.999992,0.000000,0.000003,0.000005,0.999992
dataset_external/down/down_00238.jpg,down,3,down,3,yes,0.942215,0.000001,0.000035,0.057749,0.942215
dataset_external/down/down_00239.jpg,down,3,down,3,yes,0.999904,0.000003,0.000010,0.000084,0.999904
dataset_external/down/down_00240.jpg,down,3,down,3,yes,0.999976,0.000000,0.000000,0.000024,0.999976
dataset_external/down/down_00241.jpg,down,3,down,3,yes,0.999996,0.000001,0.000000,0.000002,0.999996
dataset_external/down/down_00242.jpg,down,3,down,3,yes,0.984206,0.007881,0.001700,0.006213,0.984206
dataset_external/down/down_00243.jpg,down,3,down,3,yes,0.999992,0.000001,0.000006,0.000001,0.999992
dataset_external/down/down_00244.jpg,down,3,down,3,yes,0.999998,0.000001,0.000001,0.000000,0.999998
dataset_external/down/down_00245.jpg,down,3,down,3,yes,0.999960,0.000001,0.000004,0.000035,0.999960
dataset_external/down/down_00246.jpg,down,3,down,3,yes,0.999988,0.000000,0.000001,0.000011,0.999988
dataset_external/down/down_00247.jpg,down,3,down,3,yes,0.999816,0.000106,0.000015,0.000064,0.999816
dataset_external/down/down_00248.jpg,down,3,down,3,yes,0.999891,0.000003,0.000093,0.000012,0.999891
dataset_external/down/down_00249.jpg,down,3,down,3,yes,0.998638,0.000000,0.000012,0.001350,0.998638
dataset_external/down/down_00250.jpg,down,3,down,3,yes,0.999916,0.000031,0.000050,0.000003,0.999916
dataset_external/down/down_00251.jpg,down,3,down,3,yes,0.999671,0.000062,0.000014,0.000253,0.999671
dataset_external/down/down_00252.jpg,down,3,down,3,yes,0.999997,0.000002,0.000000,0.000001,0.999997
dataset_external/down/down_00253.jpg,down,3,down,3,yes,0.999999,0.000000,0.000000,0.000001,0.999999
dataset_external/down/down_00254.jpg,down,3,down,3,yes,0.999976,0.000001,0.000005,0.000018,0.999976
dataset_external/down/down_00255.jpg,down,3,down,3,yes,0.999989,0.000002,0.000001,0.000008,0.999989
dataset_external/down/down_00256.jpg,down,3,down,3,yes,0.988466,0.002892,0.000173,0.008470,0.988466
dataset_external/down/down_00257.jpg,down,3,down,3,yes,0.999988,0.000000,0.000001,0.000011,0.999988
dataset_external/down/down_00258.jpg,down,3,down,3,yes,0.999994,0.000000,0.000002,0.000004,0.999994
dataset_external/down/down_00259.jpg,down,3,down,3,yes,0.999013,0.000924,0.000000,0.000063,0.999013
dataset_external/down/down_00260.jpg,down,3,down,3,yes,1.000000,0.000000,0.000000,0.000000,1.000000
dataset_external/down/down_00261.jpg,down,3,down,3,yes,0.999998,0.000000,0.000002,0.000000,0.999998
dataset_external/down/down_00262.jpg,down,3,down,3,yes,0.753901,0.000126,0.005068,0.240906,0.753901
dataset_external/down/down_00263.jpg,down,3,down,3,yes,0.999929,0.000002,0.000008,0.000061,0.999929
dataset_external/down/down_00264.jpg,down,3,down,3,yes,0.999995,0.000000,0.000000,0.000005,0.999995
dataset_external/down/down_00265.jpg,down,3,down,3,yes,0.963244,0.019532,0.000124,0.017100,0.963244
dataset_external/down/down_00266.jpg,down,3,down,3,yes,0.999998,0.000000,0.000000,0.000002,0.999998
dataset_external/down/down_00267.jpg,down,3,down,3,yes,1.000000,0.000000,0.000000,0.000000,1.000000
dataset_external/down/down_00268.jpg,down,3,down,3,yes,0.999958,0.000005,0.000001,0.000036,0.999958
dataset_external/down/down_00269.jpg,down,3,down,3,yes,0.999994,0.000000,0.000000,0.000006,0.999994
dataset_external/down/down_00270.jpg,down,3,down,3,yes,0.994522,0.000000,0.000000,0.005477,0.994522
dataset_external/down/down_00271.jpg,down,3,down,3,yes,0.997953,0.000001,0.000144,0.001902,0.997953
dataset_external/down/down_00272.jpg,down,3,down,3,yes,1.000000,0.000000,0.000000,0.000000,1.000000
dataset_external/down/down_00273.jpg,down,3,down,3,yes,1.000000,0.000000,0.000000,0.000000,1.000000
dataset_external/down/down_00274.jpg,down,3,down,3,yes,0.999996,0.000000,0.000000,0.000004,0.999996
dataset_external/down/down_00275.jpg,down,3,down,3,yes,0.999999,0.000000,0.000000,0.000001,0.999999
dataset_external/down/down_00276.jpg,down,3,down,3,yes,0.999225,0.000023,0.000020,0.000732,0.999225
dataset_external/down/down_00277.jpg,down,3,down,3,yes,0.999982,0.000000,0.000000,0.000017,0.999982
dataset_external/down/down_00278.jpg,down,3,down,3,yes,1.000000,0.000000,0.000000,0.000000,1.000000
dataset_external/down/down_00279.jpg,down,3,down,3,yes,0.999987,0.000000,0.000004,0.000009,0.999987
dataset_external/down/down_00280.jpg,down,3,down,3,yes,0.999995,0.000000,0.000004,0.000001,0.999995
dataset_external/down/down_00281.jpg,down,3,down,3,yes,0.999998,0.000000,0.000000,0.000002,0.999998
dataset_external/down/down_00282.jpg,down,3,down,3,yes,0.564274,0.435074,0.000200,0.000451,0.564274
dataset_external/down/down_00283.jpg,down,3,down,3,yes,0.953529,0.000013,0.000005,0.046452,0.953529
dataset_external/down/down_00284.jpg,down,3,down,3,yes,0.998540,0.000661,0.000088,0.000711,0.998540
dataset_external/down/down_00285.jpg,down,3,down,3,yes,0.987388,0.011515,0.000915,0.000182,0.987388
dataset_external/down/down_00286.jpg,down,3,down,3,yes,1.000000,0.000000,0.000000,0.000000,1.000000
dataset_external/down/down_00287.jpg,down,3,down,3,yes,0.999996,0.000000,0.000000,0.000003,0.999996
dataset_external/down/down_00288.jpg,down,3,down,3,yes,1.000000,0.000000,0.000000,0.000000,1.000000
dataset_external/down/down_00289.jpg,down,3,down,3,yes,1.000000,0.000000,0.000000,0.000000,1.000000
dataset_external/down/down_00290.jpg,down,3,down,3,yes,0.999993,0.000002,0.000005,0.000000,0.999993
dataset_external/down/down_00291.jpg,down,3,down,3,yes,0.999979,0.000007,0.000011,0.000003,0.999979
dataset_external/down/down_00292.jpg,down,3,down,3,yes,0.999919,0.000003,0.000001,0.000077,0.999919
dataset_external/down/down_00293.jpg,down,3,down,3,yes,0.999985,0.000007,0.000000,0.000007,0.999985
dataset_external/down/down_00294.jpg,down,3,down,3,yes,0.999893,0.000000,0.000000,0.000107,0.999893
dataset_external/down/down_00295.jpg,down,3,down,3,yes,0.999146,0.000005,0.000013,0.000836,0.999146
dataset_external/down/down_00296.jpg,down,3,down,3,yes,0.999993,0.000000,0.000007,0.000000,0.999993
dataset_external/down/down_00297.jpg,down,3,down,3,yes,0.999990,0.000005,0.000003,0.000001,0.999990
dataset_external/down/down_00298.jpg,down,3,down,3,yes,0.999999,0.000000,0.000001,0.000000,0.999999
dataset_external/down/down_00299.jpg,down,3,down,3,yes,1.000000,0.000000,0.000000,0.000000,1.000000
dataset_external/down/down_00300.jpg,down,3,down,3,yes,0.999985,0.000000,0.000012,0.000002,0.999985
dataset_external/down/down_00301.jpg,down,3,down,3,yes,1.000000,0.000000,0.000000,0.000000,1.000000
dataset_external/down/down_00302.jpg,down,3,down,3,yes,0.999955,0.000000,0.000000,0.000045,0.999955
dataset_external/down/down_00303.jpg,down,3,down,3,yes,0.999731,0.000019,0.000012,0.000238,0.999731
dataset_external/down/down_00304.jpg,down,3,down,3,yes,1.000000,0.000000,0.000000,0.000000,1.000000
dataset_external/down/down_00305.jpg,down,3,down,3,yes,0.982580,0.000020,0.000004,0.017396,0.982580
dataset_external/down/down_00306.jpg,down,3,down,3,yes,0.997653,0.000025,0.000106,0.002216,0.997653
dataset_external/down/down_00307.jpg,down,3,down,3,yes,0.999440,0.000001,0.000009,0.000550,0.999440
dataset_external/down/down_00308.jpg,down,3,down,3,yes,0.999984,0.000001,0.000004,0.000011,0.999984
dataset_external/down/down_00309.jpg,down,3,down,3,yes,0.996557,0.000006,0.000102,0.003334,0.996557
dataset_external/down/down_00310.jpg,down,3,down,3,yes,0.992243,0.000888,0.002607,0.004263,0.992243
dataset_external/down/down_00311.jpg,down,3,down,3,yes,0.999991,0.000000,0.000003,0.000005,0.999991
dataset_external/down/down_00312.jpg,down,3,down,3,yes,0.999997,0.000000,0.000003,0.000000,0.999997
dataset_external/down/down_00313.jpg,down,3,down,3,yes,0.999893,0.000010,0.000001,0.000096,0.999893
dataset_external/down/down_00314.jpg,down,3,down,3,yes,0.999278,0.000000,0.000168,0.000554,0.999278
dataset_external/down/down_00315.jpg,down,3,down,3,yes,0.999978,0.000002,0.000011,0.000009,0.999978
dataset_external/down/down_00316.jpg,down,3,down,3,yes,0.999723,0.000124,0.000146,0.000007,0.999723
dataset_external/down/down_00317.jpg,down,3,down,3,yes,0.999999,0.000000,0.000001,0.000000,0.999999
dataset_external/down/down_00318.jpg,down,3,down,3,yes,0.999966,0.000000,0.000003,0.000031,0.999966
dataset_external/down/down_00319.jpg,down,3,down,3,yes,0.999938,0.000030,0.000008,0.000025,0.999938
dataset_external/down/down_00320.jpg,down,3,down,3,yes,0.998385,0.000053,0.000000,0.001562,0.998385
dataset_external/down/down_00321.jpg,down,3,down,3,yes,0.999988,0.000000,0.000012,0.000000,0.999988
dataset_external/down/down_00322.jpg,down,3,down,3,yes,1.000000,0.000000,0.000000,0.000000,1.000000
dataset_external/down/down_00323.jpg,down,3,down,3,yes,0.999956,0.000000,0.000040,0.000004,0.999956
dataset_external/down/down_00324.jpg,down,3,down,3,yes,0.999643,0.000343,0.000005,0.000010,0.999643
dataset_external/down/down_00325.jpg,down,3,down,3,yes,0.999517,0.000014,0.000122,0.000348,0.999517
dataset_external/down/down_00326.jpg,down,3,down,3,yes,1.000000,0.000000,0.000000,0.000000,1.000000
dataset_external/down/down_00327.jpg,down,3,down,3,yes,1.000000,0.000000,0.000000,0.000000,1.000000
dataset_external/down/down_00328.jpg,down,3,down,3,yes,0.999993,0.000001,0.000000,0.000006,0.999993
dataset_external/down/down_00329.jpg,down,3,down,3,yes,0.999955,0.000010,0.000016,0.000018,0.999955
dataset_external/down/down_00330.jpg,down,3,down,3,yes,0.999984,0.000003,0.000000,0.000013,0.999984
dataset_external/down/down_00331.jpg,down,3,down,3,yes,0.999997,0.000000,0.000002,0.000001,0.999997
dataset_external/down/down_00332.jpg,down,3,down,3,yes,0.999474,0.000002,0.000081,0.000443,0.999474
dataset_external/down/down_00333.jpg,down,3,down,3,yes,0.999745,0.000003,0.000002,0.000250,0.999745
dataset_external/down/down_00334.jpg,down,3,down,3,yes,0.999729,0.000000,0.000032,0.000239,0.999729
dataset_external/down/down_00335.jpg,down,3,down,3,yes,0.999997,0.000000,0.000000,0.000003,0.999997
dataset_external/down/down_00336.jpg,down,3,down,3,yes,0.999946,0.000000,0.000052,0.000002,0.999946
dataset_external/down/down_00337.jpg,down,3,down,3,yes,0.999394,0.000004,0.000007,0.000595,0.999394
dataset_external/down/down_00338.jpg,down,3,down,3,yes,0.999995,0.000005,0.000000,0.000001,0.999995
dataset_external/down/down_00339.jpg,down,3,down,3,yes,1.000000,0.000000,0.000000,0.000000,1.000000
dataset_external/down/down_00340.jpg,down,3,down,3,yes,0.999867,0.000000,0.000114,0.000018,0.999867
dataset_external/down/down_00341.jpg,down,3,down,3,yes,0.999851,0.000030,0.000118,0.000001,0.999851
dataset_external/down/down_00342.jpg,down,3,down,3,yes,0.999862,0.000022,0.000004,0.000111,0.999862
dataset_external/down/down_00343.jpg,down,3,down,3,yes,0.999880,0.000000,0.000106,0.000015,0.999880
dataset_external/down/down_00344.jpg,down,3,down,3,yes,0.999868,0.000131,0.000000,0.000000,0.999868
dataset_external/down/down_00345.jpg,down,3,down,3,yes,0.883291,0.000002,0.000012,0.116695,0.883291
dataset_external/down/down_00346.jpg,down,3,down,3,yes,0.999976,0.000000,0.000015,0.000008,0.999976
dataset_external/down/down_00347.jpg,down,3,down,3,yes,0.990829,0.006516,0.002186,0.000469,0.990829
dataset_external/down/down_00348.jpg,down,3,down,3,yes,1.000000,0.000000,0.000000,0.000000,1.000000
dataset_external/down/down_00349.jpg,down,3,down,3,yes,0.999999,0.000000,0.000000,0.000001,0.999999
dataset_external/down/down_00350.jpg,down,3,down,3,yes,0.998254,0.000111,0.000261,0.001374,0.998254
dataset_external/down/down_00351.jpg,down,3,down,3,yes,0.999970,0.000001,0.000001,0.000029,0.999970
dataset_external/down/down_00352.jpg,down,3,down,3,yes,0.999999,0.000000,0.000001,0.000001,0.999999
dataset_external/down/down_00353.jpg,down,3,down,3,yes,0.995872,0.002006,0.000204,0.001918,0.995872
dataset_external/down/down_00354.jpg,down,3,down,3,yes,0.933905,0.026433,0.001032,0.038631,0.933905
dataset_external/down/down_00355.jpg,down,3,down,3,yes,0.999785,0.000019,0.000044,0.000152,0.999785
dataset_external/down/down_00356.jpg,down,3,down,3,yes,0.999739,0.000000,0.000000,0.000261,0.999739
dataset_external/down/down_00357.jpg,down,3,down,3,yes,0.999951,0.000000,0.000000,0.000049,0.999951
dataset_external/down/down_00358.jpg,down,3,down,3,yes,0.998969,0.000560,0.000017,0.000454,0.998969
dataset_external/down/down_00359.jpg,down,3,down,3,yes,0.999690,0.000151,0.000036,0.000123,0.999690
dataset_external/down/down_00360.jpg,down,3,down,3,yes,0.999734,0.000006,0.000083,0.000177,0.999734
dataset_external/down/down_00361.jpg,down,3,down,3,yes,0.999979,0.000002,0.000001,0.000017,0.999979
dataset_external/down/down_00362.jpg,down,3,down,3,yes,0.999996,0.000000,0.000000,0.000003,0.999996
dataset_external/down/down_00363.jpg,down,3,down,3,yes,0.996786,0.000094,0.000027,0.003093,0.996786
dataset_external/down/down_00364.jpg,down,3,down,3,yes,0.986154,0.001328,0.000181,0.012337,0.986154
dataset_external/down/down_00365.jpg,down,3,down,3,yes,0.999891,0.000001,0.000062,0.000045,0.999891
dataset_external/down/down_00366.jpg,down,3,down,3,yes,0.999892,0.000000,0.000006,0.000102,0.999892
dataset_external/down/down_00367.jpg,down,3,down,3,yes,0.999826,0.000147,0.000018,0.000009,0.999826
dataset_external/down/down_00368.jpg,down,3,down,3,yes,0.994284,0.002731,0.000114,0.002870,0.994284
dataset_external/down/down_00369.jpg,down,3,down,3,yes,0.999556,0.000003,0.000418,0.000024,0.999556
dataset_external/down/down_00370.jpg,down,3,down,3,yes,0.999690,0.000020,0.000268,0.000022,0.999690
dataset_external/down/down_00371.jpg,down,3,down,3,yes,0.999996,0.000000,0.000000,0.000004,0.999996
dataset_external/down/down_00372.jpg,down,3,down,3,yes,0.999903,0.000000,0.000002,0.000094,0.999903
dataset_external/down/down_00373.jpg,down,3,down,3,yes,0.999771,0.000001,0.000069,0.000159,0.999771
dataset_external/down/down_00374.jpg,down,3,down,3,yes,0.999910,0.000000,0.000021,0.000069,0.999910
dataset_external/down/down_00375.jpg,down,3,down,3,yes,0.999999,0.000000,0.000001,0.000000,0.999999
dataset_external/down/down_00376.jpg,down,3,down,3,yes,0.999994,0.000000,0.000000,0.000006,0.999994
dataset_external/down/down_00377.jpg,down,3,down,3,yes,0.999915,0.000006,0.000052,0.000027,0.999915
dataset_external/down/down_00378.jpg,down,3,down,3,yes,0.999128,0.000402,0.000028,0.000442,0.999128
dataset_external/down/down_00379.jpg,down,3,down,3,yes,0.982981,0.000011,0.000020,0.016987,0.982981
dataset_external/down/down_00380.jpg,down,3,down,3,yes,0.999986,0.000000,0.000001,0.000013,0.999986
dataset_external/down/down_00381.jpg,down,3,down,3,yes,0.999942,0.000000,0.000008,0.000050,0.999942
dataset_external/down/down_00382.jpg,down,3,down,3,yes,0.999989,0.000000,0.000000,0.000010,0.999989
dataset_external/down/down_00383.jpg,down,3,down,3,yes,0.999999,0.000000,0.000000,0.000001,0.999999
dataset_external/down/down_00384.jpg,down,3,down,3,yes,0.999961,0.000000,0.000036,0.000003,0.999961
dataset_external/down/down_00385.jpg,down,3,down,3,yes,1.000000,0.000000,0.000000,0.000000,1.000000
dataset_external/down/down_00386.jpg,down,3,down,3,yes,0.999873,0.000006,0.000019,0.000102,0.999873
dataset_external/down/down_00387.jpg,down,3,down,3,yes,1.000000,0.000000,0.000000,0.000000,1.000000
dataset_external/down/down_00388.jpg,down,3,down,3,yes,1.000000,0.000000,0.000000,0.000000,1.000000
dataset_external/down/down_00389.jpg,down,3,down,3,yes,1.000000,0.000000,0.000000,0.000000,1.000000
dataset_external/down/down_00390.jpg,down,3,down,3,yes,0.999992,0.000000,0.000005,0.000003,0.999992
dataset_external/down/down_00391.jpg,down,3,down,3,yes,0.999998,0.000000,0.000002,0.000000,0.999998
dataset_external/down/down_00392.jpg,down,3,down,3,yes,0.999999,0.000000,0.000000,0.000001,0.999999
dataset_external/down/down_00393.jpg,down,3,down,3,yes,0.987399,0.000456,0.001172,0.010973,0.987399
dataset_external/down/down_00394.jpg,down,3,down,3,yes,0.807956,0.191887,0.000068,0.000090,0.807956
dataset_external/down/down_00395.jpg,down,3,down,3,yes,0.999985,0.000000,0.000001,0.000014,0.999985
dataset_external/down/down_00396.jpg,down,3,down,3,yes,0.999998,0.000000,0.000000,0.000002,0.999998
dataset_external/down/down_00397.jpg,down,3,down,3,yes,0.999999,0.000001,0.000000,0.000000,0.999999
dataset_external/down/down_00398.jpg,down,3,down,3,yes,0.999991,0.000000,0.000001,0.000008,0.999991
dataset_external/down/down_00399.jpg,down,3,down,3,yes,0.989993,0.003779,0.006135,0.000093,0.989993
dataset_external/down/down_00400.jpg,down,3,down,3,yes,1.000000,0.000000,0.000000,0.000000,1.000000
dataset_external/down/down_00401.jpg,down,3,down,3,yes,0.999999,0.000001,0.000000,0.000000,0.999999
dataset_external/down/down_00402.jpg,down,3,down,3,yes,0.999952,0.000009,0.000006,0.000032,0.999952
dataset_external/down/down_00403.jpg,down,3,down,3,yes,0.999779,0.000000,0.000056,0.000165,0.999779
dataset_external/down/down_00404.jpg,down,3,down,3,yes,0.999992,0.000000,0.000001,0.000007,0.999992
dataset_external/down/down_00405.jpg,down,3,down,3,yes,0.999988,0.000000,0.000006,0.000007,0.999988
dataset_external/down/down_00406.jpg,down,3,down,3,yes,0.999720,0.000007,0.000152,0.000121,0.999720
dataset_external/down/down_00407.jpg,down,3,down,3,yes,0.999999,0.000001,0.000000,0.000000,0.999999
dataset_external/down/down_00408.jpg,down,3,down,3,yes,0.999994,0.000000,0.000000,0.000006,0.999994
dataset_external/down/down_00409.jpg,down,3,down,3,yes,0.999999,0.000000,0.000000,0.000001,0.999999
dataset_external/down/down_00410.jpg,down,3,down,3,yes,0.996125,0.000003,0.000003,0.003869,0.996125
dataset_external/down/down_00411.jpg,down,3,down,3,yes,0.999608,0.000293,0.000032,0.000067,0.999608
dataset_external/down/down_00412.jpg,down,3,down,3,yes,0.999956,0.000000,0.000005,0.000038,0.999956
dataset_external/down/down_00413.jpg,down,3,down,3,yes,0.999962,0.000002,0.000013,0.000023,0.999962
dataset_external/down/down_00414.jpg,down,3,down,3,yes,0.999263,0.000002,0.000001,0.000733,0.999263
dataset_external/down/down_00415.jpg,down,3,down,3,yes,1.000000,0.000000,0.000000,0.000000,1.000000
dataset_external/down/down_00416.jpg,down,3,down,3,yes,0.993168,0.000666,0.006020,0.000147,0.993168
dataset_external/down/down_00417.jpg,down,3,down,3,yes,0.999999,0.000000,0.000000,0.000001,0.999999
dataset_external/down/down_00418.jpg,down,3,down,3,yes,0.999903,0.000006,0.000015,0.000076,0.999903
dataset_external/down/down_00419.jpg,down,3,down,3,yes,0.999997,0.000000,0.000000,0.000003,0.999997
dataset_external/down/down_00420.jpg,down,3,down,3,yes,0.999476,0.000001,0.000026,0.000497,0.999476
dataset_external/down/down_00421.jpg,down,3,down,3,yes,1.000000,0.000000,0.000000,0.000000,1.000000
dataset_external/down/down_00422.jpg,down,3,down,3,yes,0.999797,0.000001,0.000002,0.000200,0.999797
dataset_external/down/down_00423.jpg,down,3,down,3,yes,0.960190,0.028307,0.010776,0.000726,0.960190
dataset_external/down/down_00424.jpg,down,3,down,3,yes,0.999802,0.000153,0.000015,0.000030,0.999802
dataset_external/down/down_00425.jpg,down,3,down,3,yes,0.999999,0.000000,0.000000,0.000000,0.999999
dataset_external/down/down_00426.jpg,down,3,down,3,yes,1.000000,0.000000,0.000000,0.000000,1.000000
dataset_external/down/down_00427.jpg,down,3,down,3,yes,0.999999,0.000001,0.000000,0.000000,0.999999
dataset_external/down/down_00428.jpg,down,3,down,3,yes,1.000000,0.000000,0.000000,0.000000,1.000000
dataset_external/down/down_00429.jpg,down,3,down,3,yes,0.999996,0.000000,0.000000,0.000004,0.999996
dataset_external/down/down_00430.jpg,down,3,down,3,yes,0.999966,0.000024,0.000007,0.000003,0.999966
dataset_external/down/down_00431.jpg,down,3,down,3,yes,0.999967,0.000000,0.000000,0.000033,0.999967
dataset_external/down/down_00432.jpg,down,3,down,3,yes,0.999984,0.000000,0.000001,0.000015,0.999984
dataset_external/down/down_00433.jpg,down,3,down,3,yes,0.999981,0.000000,0.000001,0.000017,0.999981
dataset_external/down/down_00434.jpg,down,3,down,3,yes,0.999494,0.000001,0.000024,0.000481,0.999494
dataset_external/down/down_00435.jpg,down,3,down,3,yes,0.999996,0.000000,0.000001,0.000003,0.999996
dataset_external/down/down_00436.jpg,down,3,down,3,yes,0.999363,0.000004,0.000023,0.000610,0.999363
dataset_external/down/down_00437.jpg,down,3,down,3,yes,0.999997,0.000000,0.000000,0.000003,0.999997
dataset_external/down/down_00438.jpg,down,3,down,3,yes,0.999996,0.000000,0.000001,0.000002,0.999996
dataset_external/down/down_00439.jpg,down,3,down,3,yes,1.000000,0.000000,0.000000,0.000000,1.000000
dataset_external/down/down_00440.jpg,down,3,down,3,yes,0.999743,0.000011,0.000035,0.000212,0.999743
dataset_external/down/down_00441.jpg,down,3,down,3,yes,0.999935,0.000005,0.000024,0.000036,0.999935
dataset_external/down/down_00442.jpg,down,3,down,3,yes,0.999891,0.000000,0.000016,0.000092,0.999891
dataset_external/down/down_00443.jpg,down,3,down,3,yes,0.999651,0.000036,0.000005,0.000308,0.999651
dataset_external/down/down_00444.jpg,down,3,down,3,yes,0.999987,0.000002,0.000005,0.000006,0.999987
dataset_external/down/down_00445.jpg,down,3,down,3,yes,1.000000,0.000000,0.000000,0.000000,1.000000
dataset_external/down/down_00446.jpg,down,3,down,3,yes,0.999920,0.000067,0.000001,0.000012,0.999920
dataset_external/down/down_00447.jpg,down,3,down,3,yes,0.999236,0.000016,0.000333,0.000415,0.999236
dataset_external/down/down_00448.jpg,down,3,down,3,yes,0.999125,0.000018,0.000198,0.000659,0.999125
dataset_external/down/down_00449.jpg,down,3,down,3,yes,0.999387,0.000565,0.000037,0.000010,0.999387
dataset_external/down/down_00450.jpg,down,3,down,3,yes,0.976962,0.000563,0.000000,0.022475,0.976962
dataset_external/down/down_00451.jpg,down,3,down,3,yes,0.999837,0.000005,0.000016,0.000142,0.999837
dataset_external/down/down_00452.jpg,down,3,down,3,yes,0.999999,0.000000,0.000000,0.000001,0.999999
dataset_external/down/down_00453.jpg,down,3,down,3,yes,0.999999,0.000001,0.000000,0.000000,0.999999
dataset_external/down/down_00454.jpg,down,3,down,3,yes,0.992671,0.000004,0.000001,0.007324,0.992671
dataset_external/down/down_00455.jpg,down,3,down,3,yes,0.997383,0.000022,0.001903,0.000691,0.997383
dataset_external/down/down_00456.jpg,down,3,down,3,yes,0.999977,0.000000,0.000018,0.000005,0.999977
dataset_external/down/down_00457.jpg,down,3,down,3,yes,0.999931,0.000022,0.000015,0.000032,0.999931
dataset_external/down/down_00458.jpg,down,3,down,3,yes,0.999939,0.000060,0.000001,0.000000,0.999939
dataset_external/down/down_00459.jpg,down,3,down,3,yes,0.999808,0.000000,0.000046,0.000146,0.999808
dataset_external/down/down_00460.jpg,down,3,down,3,yes,0.999951,0.000003,0.000030,0.000016,0.999951
dataset_external/down/down_00461.jpg,down,3,down,3,yes,0.999652,0.000263,0.000042,0.000043,0.999652
dataset_external/down/down_00462.jpg,down,3,down,3,yes,0.999129,0.000000,0.000001,0.000870,0.999129
dataset_external/down/down_00463.jpg,down,3,down,3,yes,0.999924,0.000029,0.000020,0.000027,0.999924
dataset_external/down/down_00464.jpg,down,3,down,3,yes,1.000000,0.000000,0.000000,0.000000,1.000000
dataset_external/down/down_00465.jpg,down,3,down,3,yes,0.999362,0.000000,0.000002,0.000635,0.999362
dataset_external/down/down_00466.jpg,down,3,down,3,yes,0.953324,0.000112,0.045513,0.001050,0.953324
dataset_external/down/down_00467.jpg,down,3,down,3,yes,0.984677,0.001076,0.000014,0.014233,0.984677
dataset_external/down/down_00468.jpg,down,3,down,3,yes,0.999995,0.000000,0.000003,0.000002,0.999995
dataset_external/down/down_00469.jpg,down,3,down,3,yes,0.999987,0.000000,0.000002,0.000011,0.999987
dataset_external/down/down_00470.jpg,down,3,down,3,yes,0.999691,0.000002,0.000001,0.000307,0.999691
dataset_external/down/down_00471.jpg,down,3,down,3,yes,0.999789,0.000000,0.000192,0.000018,0.999789
dataset_external/down/down_00472.jpg,down,3,down,3,yes,0.999985,0.000005,0.000000,0.000010,0.999985
dataset_external/down/down_00473.jpg,down,3,down,3,yes,0.999946,0.000002,0.000004,0.000048,0.999946
dataset_external/down/down_00474.jpg,down,3,down,3,yes,0.999994,0.000004,0.000001,0.000001,0.999994
dataset_external/down/down_00475.jpg,down,3,down,3,yes,0.999128,0.000013,0.000097,0.000762,0.999128
dataset_external/down/down_00476.jpg,down,3,down,3,yes,0.999947,0.000005,0.000040,0.000008,0.999947
dataset_external/down/down_00477.jpg,down,3,down,3,yes,0.968282,0.000158,0.016198,0.015362,0.968282
dataset_external/down/down_00478.jpg,down,3,down,3,yes,0.999999,0.000000,0.000000,0.000001,0.999999
dataset_external/down/down_00479.jpg,down,3,down,3,yes,0.999996,0.000002,0.000000,0.000001,0.999996
dataset_external/down/down_00480.jpg,down,3,down,3,yes,1.000000,0.000000,0.000000,0.000000,1.000000
dataset_external/down/down_00481.jpg,down,3,down,3,yes,0.999983,0.000006,0.000011,0.000000,0.999983
dataset_external/down/down_00482.jpg,down,3,down,3,yes,0.999884,0.000000,0.000000,0.000116,0.999884
dataset_external/down/down_00483.jpg,down,3,down,3,yes,0.999943,0.000055,0.000000,0.000002,0.999943
dataset_external/down/down_00484.jpg,down,3,down,3,yes,0.992388,0.006199,0.001077,0.000336,0.992388
dataset_external/down/down_00485.jpg,down,3,down,3,yes,0.998302,0.000041,0.000003,0.001654,0.998302
dataset_external/down/down_00486.jpg,down,3,down,3,yes,0.997228,0.002506,0.000220,0.000047,0.997228
dataset_external/down/down_00487.jpg,down,3,down,3,yes,0.999420,0.000542,0.000003,0.000035,0.999420
dataset_external/down/down_00488.jpg,down,3,down,3,yes,0.971346,0.003881,0.016812,0.007960,0.971346
dataset_external/down/down_00489.jpg,down,3,down,3,yes,0.999134,0.000018,0.000259,0.000589,0.999134
dataset_external/down/down_00490.jpg,down,3,down,3,yes,0.999918,0.000061,0.000000,0.000021,0.999918
dataset_external/down/down_00491.jpg,down,3,down,3,yes,0.999984,0.000000,0.000003,0.000013,0.999984
dataset_external/down/down_00492.jpg,down,3,down,3,yes,0.999888,0.000019,0.000085,0.000008,0.999888
dataset_external/down/down_00493.jpg,down,3,down,3,yes,1.000000,0.000000,0.000000,0.000000,1.000000
dataset_external/down/down_00494.jpg,down,3,down,3,yes,1.000000,0.000000,0.000000,0.000000,1.000000
dataset_external/down/down_00495.jpg,down,3,down,3,yes,0.997062,0.000003,0.000362,0.002574,0.997062
dataset_external/down/down_00496.jpg,down,3,down,3,yes,0.999997,0.000001,0.000001,0.000001,0.999997
dataset_external/down/down_00497.jpg,down,3,down,3,yes,0.999966,0.000001,0.000002,0.000031,0.999966
dataset_external/down/down_00498.jpg,down,3,down,3,yes,0.999838,0.000007,0.000000,0.000155,0.999838
dataset_external/down/down_00499.jpg,down,3,down,3,yes,0.999940,0.000011,0.000049,0.000000,0.999940
dataset_external/left/left_00000.jpg,left,0,left,0,yes,0.999947,0.999947,0.000052,0.000000,0.000001
dataset_external/left/left_00001.jpg,left,0,left,0,yes,0.999983,0.999983,0.000001,0.000000,0.000016
dataset_external/left/left_00002.jpg,left,0,left,0,yes,0.999712,0.999712,0.000001,0.000002,0.000285
dataset_external/left/left_00003.jpg,left,0,left,0,yes,0.999972,0.999972,0.000003,0.000001,0.000024
dataset_external/left/left_00004.jpg,left,0,left,0,yes,0.999994,0.999994,0.000004,0.000000,0.000002
dataset_external/left/left_00005.jpg,left,0,left,0,yes,0.995799,0.995799,0.000369,0.000004,0.003827
dataset_external/left/left_00006.jpg,left,0,left,0,yes,1.000000,1.000000,0.000000,0.000000,0.000001
dataset_external/left/left_00007.jpg,left,0,left,0,yes,0.999988,0.999988,0.000001,0.000010,0.000001
dataset_external/left/left_00008.jpg,left,0,left,0,yes,0.999998,0.999998,0.000001,0.000000,0.000001
dataset_external/left/left_00009.jpg,left,0,left,0,yes,0.999990,0.999990,0.000002,0.000000,0.000008
dataset_external/left/left_00010.jpg,left,0,left,0,yes,0.998846,0.998846,0.000001,0.000001,0.001153
dataset_external/left/left_00011.jpg,left,0,left,0,yes,0.999823,0.999823,0.000079,0.000017,0.000081
dataset_external/left/left_00012.jpg,left,0,left,0,yes,0.999645,0.999645,0.000143,0.000155,0.000057
dataset_external/left/left_00013.jpg,left,0,left,0,yes,0.997206,0.997206,0.002155,0.000100,0.000538
dataset_external/left/left_00014.jpg,left,0,left,0,yes,0.999991,0.999991,0.000001,0.000000,0.000008
dataset_external/left/left_00015.jpg,left,0,left,0,yes,0.999880,0.999880,0.000003,0.000001,0.000116
dataset_external/left/left_00016.jpg,left,0,left,0,yes,1.000000,1.000000,0.000000,0.000000,0.000000
dataset_external/left/left_00017.jpg,left,0,left,0,yes,0.999668,0.999668,0.000285,0.000002,0.000046
dataset_external/left/left_00018.jpg,left,0,left,0,yes,0.999998,0.999998,0.000002,0.000000,0.000000
dataset_external/left/left_00019.jpg,left,0,left,0,yes,0.999997,0.999997,0.000002,0.000000,0.000000
dataset_external/left/left_00020.jpg,left,0,left,0,yes,0.999992,0.999992,0.000002,0.000000,0.000006
dataset_external/left/left_00021.jpg,left,0,left,0,yes,0.999496,0.999496,0.000316,0.000003,0.000185
dataset_external/left/left_00022.jpg,left,0,left,0,yes,1.000000,1.000000,0.000000,0.000000,0.000000
dataset_external/left/left_00023.jpg,left,0,left,0,yes,0.999893,0.999893,0.000026,0.000040,0.000041
dataset_external/left/left_00024.jpg,left,0,left,0,yes,0.999902,0.999902,0.000000,0.000002,0.000095
dataset_external/left/left_00025.jpg,left,0,left,0,yes,0.999500,0.999500,0.000010,0.000001,0.000489
dataset_external/left/left_00026.jpg,left,0,left,0,yes,0.999987,0.999987,0.000012,0.000000,0.000000
dataset_external/left/left_00027.jpg,left,0,left,0,yes,0.999976,0.999976,0.000016,0.000005,0.000004
dataset_external/left/left_00028.jpg,left,0,left,0,yes,1.000000,1.000000,0.000000,0.000000,0.000000
dataset_external/left/left_00029.jpg,left,0,left,0,yes,0.999791,0.999791,0.000000,0.000000,0.000208
dataset_external/left/left_00030.jpg,left,0,left,0,yes,1.000000,1.000000,0.000000,0.000000,0.000000
dataset_external/left/left_00031.jpg,left,0,up,2,no,0.666200,0.309891,0.023249,0.666200,0.000660
dataset_external/left/left_00032.jpg,left,0,left,0,yes,1.000000,1.000000,0.000000,0.000000,0.000000
dataset_external/left/left_00033.jpg,left,0,left,0,yes,0.999998,0.999998,0.000000,0.000002,0.000000
dataset_external/left/left_00034.jpg,left,0,left,0,yes,0.999895,0.999895,0.000003,0.000016,0.000086
dataset_external/left/left_00035.jpg,left,0,left,0,yes,0.999997,0.999997,0.000003,0.000000,0.000000
dataset_external/left/left_00036.jpg,left,0,left,0,yes,0.999128,0.999128,0.000236,0.000041,0.000595
dataset_external/left/left_00037.jpg,left,0,left,0,yes,0.999999,0.999999,0.000001,0.000000,0.000000
dataset_external/left/left_00038.jpg,left,0,left,0,yes,0.999866,0.999866,0.000021,0.000001,0.000112
dataset_external/left/left_00039.jpg,left,0,left,0,yes,0.999997,0.999997,0.000000,0.000000,0.000002
dataset_external/left/left_00040.jpg,left,0,left,0,yes,0.999998,0.999998,0.000001,0.000000,0.000001
dataset_external/left/left_00041.jpg,left,0,left,0,yes,0.996907,0.996907,0.002326,0.000377,0.000389
dataset_external/left/left_00042.jpg,left,0,left,0,yes,0.999911,0.999911,0.000031,0.000038,0.000020
dataset_external/left/left_00043.jpg,left,0,left,0,yes,0.999877,0.999877,0.000052,0.000062,0.000009
dataset_external/left/left_00044.jpg,left,0,left,0,yes,0.996236,0.996236,0.000002,0.000000,0.003762
dataset_external/left/left_00045.jpg,left,0,left,0,yes,1.000000,1.000000,0.000000,0.000000,0.000000
dataset_external/left/left_00046.jpg,left,0,left,0,yes,0.999996,0.999996,0.000000,0.000000,0.000004
dataset_external/left/left_00047.jpg,left,0,left,0,yes,1.000000,1.000000,0.000000,0.000000,0.000000
dataset_external/left/left_00048.jpg,left,0,left,0,yes,0.999996,0.999996,0.000000,0.000000,0.000004
dataset_external/left/left_00049.jpg,left,0,left,0,yes,0.999280,0.999280,0.000003,0.000001,0.000716
dataset_external/left/left_00050.jpg,left,0,left,0,yes,0.999918,0.999918,0.000009,0.000016,0.000058
dataset_external/left/left_00051.jpg,left,0,left,0,yes,0.999999,0.999999,0.000001,0.000000,0.000000
dataset_external/left/left_00052.jpg,left,0,left,0,yes,0.999999,0.999999,0.000001,0.000000,0.000000
dataset_external/left/left_00053.jpg,left,0,left,0,yes,1.000000,1.000000,0.000000,0.000000,0.000000
dataset_external/left/left_00054.jpg,left,0,left,0,yes,1.000000,1.000000,0.000000,0.000000,0.000000
dataset_external/left/left_00055.jpg,left,0,left,0,yes,0.999992,0.999992,0.000001,0.000001,0.000006
dataset_external/left/left_00056.jpg,left,0,left,0,yes,0.999999,0.999999,0.000000,0.000000,0.000000
dataset_external/left/left_00057.jpg,left,0,left,0,yes,0.999816,0.999816,0.000127,0.000043,0.000014
dataset_external/left/left_00058.jpg,left,0,left,0,yes,0.999997,0.999997,0.000000,0.000001,0.000002
dataset_external/left/left_00059.jpg,left,0,left,0,yes,0.999942,0.999942,0.000004,0.000001,0.000053
dataset_external/left/left_00060.jpg,left,0,left,0,yes,0.999996,0.999996,0.000001,0.000000,0.000003
dataset_external/left/left_00061.jpg,left,0,left,0,yes,0.999999,0.999999,0.000000,0.000000,0.000000
dataset_external/left/left_00062.jpg,left,0,left,0,yes,0.999985,0.999985,0.000008,0.000004,0.000004
dataset_external/left/left_00063.jpg,left,0,left,0,yes,0.999421,0.999421,0.000183,0.000021,0.000374
dataset_external/left/left_00064.jpg,left,0,left,0,yes,0.999999,0.999999,0.000000,0.000000,0.000001
dataset_external/left/left_00065.jpg,left,0,left,0,yes,0.999580,0.999580,0.000001,0.000000,0.000418
dataset_external/left/left_00066.jpg,left,0,left,0,yes,0.999997,0.999997,0.000001,0.000000,0.000001
dataset_external/left/left_00067.jpg,left,0,left,0,yes,1.000000,1.000000,0.000000,0.000000,0.000000
dataset_external/left/left_00068.jpg,left,0,left,0,yes,0.999907,0.999907,0.000000,0.000000,0.000093
dataset_external/left/left_00069.jpg,left,0,left,0,yes,0.997464,0.997464,0.000120,0.002369,0.000048
dataset_external/left/left_00070.jpg,left,0,left,0,yes,0.999928,0.999928,0.000047,0.000008,0.000017
dataset_external/left/left_00071.jpg,left,0,left,0,yes,0.999957,0.999957,0.000000,0.000000,0.000042
dataset_external/left/left_00072.jpg,left,0,left,0,yes,0.999988,0.999988,0.000009,0.000001,0.000003
dataset_external/left/left_00073.jpg,left,0,left,0,yes,0.999996,0.999996,0.000000,0.000002,0.000002
dataset_external/left/left_00074.jpg,left,0,left,0,yes,0.999999,0.999999,0.000000,0.000001,0.000000
dataset_external/left/left_00075.jpg,left,0,left,0,yes,0.997450,0.997450,0.000001,0.000008,0.002541
dataset_external/left/left_00076.jpg,left,0,left,0,yes,0.999967,0.999967,0.000002,0.000000,0.000030
dataset_external/left/left_00077.jpg,left,0,left,0,yes,0.999803,0.999803,0.000003,0.000011,0.000183
dataset_external/left/left_00078.jpg,left,0,left,0,yes,0.999673,0.999673,0.000004,0.000000,0.000323
dataset_external/left/left_00079.jpg,left,0,left,0,yes,0.681671,0.681671,0.001204,0.000151,0.316974
dataset_external/left/left_00080.jpg,left,0,left,0,yes,0.999967,0.999967,0.000001,0.000001,0.000031
dataset_external/left/left_00081.jpg,left,0,left,0,yes,0.997234,0.997234,0.000196,0.000829,0.001741
dataset_external/left/left_00082.jpg,left,0,left,0,yes,0.999849,0.999849,0.000001,0.000000,0.000150
dataset_external/left/left_00083.jpg,left,0,left,0,yes,0.999963,0.999963,0.000001,0.000000,0.000036
dataset_external/left/left_00084.jpg,left,0,left,0,yes,0.991275,0.991275,0.003598,0.004195,0.000933
dataset_external/left/left_00085.jpg,left,0,left,0,yes,0.999986,0.999986,0.000001,0.000002,0.000012
dataset_external/left/left_00086.jpg,left,0,left,0,yes,1.000000,1.000000,0.000000,0.000000,0.000000
dataset_external/left/left_00087.jpg,left,0,left,0,yes,0.999999,0.999999,0.000000,0.000000,0.000001
dataset_external/left/left_00088.jpg,left,0,left,0,yes,1.000000,1.000000,0.000000,0.000000,0.000000
dataset_external/left/left_00089.jpg,left,0,left,0,yes,0.999985,0.999985,0.000002,0.000000,0.000013
dataset_external/left/left_00090.jpg,left,0,left,0,yes,1.000000,1.000000,0.000000,0.000000,0.000000
dataset_external/left/left_00091.jpg,left,0,left,0,yes,0.999990,0.999990,0.000002,0.000000,0.000008
dataset_external/left/left_00092.jpg,left,0,left,0,yes,0.999996,0.999996,0.000003,0.000000,0.000001
dataset_external/left/left_00093.jpg,left,0,left,0,yes,0.960069,0.960069,0.023623,0.004836,0.011473
dataset_external/left/left_00094.jpg,left,0,left,0,yes,0.999945,0.999945,0.000000,0.000000,0.000054
dataset_external/left/left_00095.jpg,left,0,left,0,yes,0.994389,0.994389,0.000876,0.003933,0.000802
dataset_external/left/left_00096.jpg,left,0,left,0,yes,0.999874,0.999874,0.000005,0.000005,0.000116
dataset_external/left/left_00097.jpg,left,0,left,0,yes,0.999918,0.999918,0.000040,0.000000,0.000042
dataset_external/left/left_00098.jpg,left,0,left,0,yes,0.999990,0.999990,0.000001,0.000000,0.000009
dataset_external/left/left_00099.jpg,left,0,left,0,yes,0.999998,0.999998,0.000001,0.000000,0.000000
dataset_external/left/left_00100.jpg,left,0,left,0,yes,0.999999,0.999999,0.000001,0.000000,0.000000
dataset_external/left/left_00101.jpg,left,0,left,0,yes,0.999995,0.999995,0.000005,0.000000,0.000000
dataset_external/left/left_00102.jpg,left,0,left,0,yes,0.949967,0.949967,0.025777,0.004600,0.019656
dataset_external/left/left_00103.jpg,left,0,left,0,yes,0.999999,0.999999,0.000000,0.000000,0.000000
dataset_external/left/left_00104.jpg,left,0,left,0,yes,1.000000,1.000000,0.000000,0.000000,0.000000
dataset_external/left/left_00105.jpg,left,0,left,0,yes,0.999785,0.999785,0.000000,0.000001,0.000214
dataset_external/left/left_00106.jpg,left,0,left,0,yes,1.000000,1.000000,0.000000,0.000000,0.000000
dataset_external/left/left_00107.jpg,left,0,left,0,yes,0.999999,0.999999,0.000000,0.000000,0.000001
dataset_external/left/left_00108.jpg,left,0,left,0,yes,0.999984,0.999984,0.000001,0.000000,0.000014
dataset_external/left/left_00109.jpg,left,0,left,0,yes,0.999998,0.999998,0.000000,0.000000,0.000001
dataset_external/left/left_00110.jpg,left,0,left,0,yes,0.999899,0.999899,0.000064,0.000004,0.000034
dataset_external/left/left_00111.jpg,left,0,left,0,yes,0.999778,0.999778,0.000161,0.000003,0.000058
dataset_external/left/left_00112.jpg,left,0,left,0,yes,0.999978,0.999978,0.000001,0.000001,0.000021
dataset_external/left/left_00113.jpg,left,0,left,0,yes,0.994793,0.994793,0.000794,0.000060,0.004353
dataset_external/left/left_00114.jpg,left,0,left,0,yes,0.999999,0.999999,0.000000,0.000000,0.000001
dataset_external/left/left_00115.jpg,left,0,left,0,yes,0.999820,0.999820,0.000133,0.000044,0.000003
dataset_external/left/left_00116.jpg,left,0,left,0,yes,0.999993,0.999993,0.000001,0.000000,0.000006
dataset_external/left/left_00117.jpg,left,0,left,0,yes,0.998891,0.998891,0.000071,0.000022,0.001017
dataset_external/left/left_00118.jpg,left,0,left,0,yes,1.000000,1.000000,0.000000,0.000000,0.000000
dataset_external/left/left_00119.jpg,left,0,left,0,yes,0.999891,0.999891,0.000063,0.000002,0.000045
dataset_external/left/left_00120.jpg,left,0,left,0,yes,0.999998,0.999998,0.000000,0.000000,0.000002
dataset_external/left/left_00121.jpg,left,0,left,0,yes,0.999986,0.999986,0.000013,0.000000,0.000001
dataset_external/left/left_00122.jpg,left,0,left,0,yes,0.952633,0.952633,0.012093,0.023755,0.011519
dataset_external/left/left_00123.jpg,left,0,left,0,yes,0.999956,0.999956,0.000023,0.000002,0.000019
dataset_external/left/left_00124.jpg,left,0,left,0,yes,0.999973,0.999973,0.000001,0.000002,0.000023
dataset_external/left/left_00125.jpg,left,0,left,0,yes,0.999999,0.999999,0.000000,0.000000,0.000000
dataset_external/left/left_00126.jpg,left,0,left,0,yes,0.999196,0.999196,0.000031,0.000211,0.000563
dataset_external/left/left_00127.jpg,left,0,left,0,yes,0.999991,0.999991,0.000000,0.000001,0.000007
dataset_external/left/left_00128.jpg,left,0,left,0,yes,0.999268,0.999268,0.000028,0.000065,0.000640
dataset_external/left/left_00129.jpg,left,0,left,0,yes,0.994610,0.994610,0.000039,0.003097,0.002253
dataset_external/left/left_00130.jpg,left,0,left,0,yes,0.999998,0.999998,0.000001,0.000000,0.000002
dataset_external/left/left_00131.jpg,left,0,left,0,yes,0.999780,0.999780,0.000068,0.000028,0.000124
dataset_external/left/left_00132.jpg,left,0,left,0,yes,0.999999,0.999999,0.000000,0.000000,0.000001
dataset_external/left/left_00133.jpg,left,0,left,0,yes,0.999999,0.999999,0.000000,0.000000,0.000000
dataset_external/left/left_00134.jpg,left,0,left,0,yes,0.999768,0.999768,0.000125,0.000000,0.000106
dataset_external/left/left_00135.jpg,left,0,left,0,yes,0.999931,0.999931,0.000063,0.000001,0.000005
dataset_external/left/left_00136.jpg,left,0,left,0,yes,0.999998,0.999998,0.000000,0.000000,0.000001
dataset_external/left/left_00137.jpg,left,0,left,0,yes,0.998255,0.998255,0.000418,0.000086,0.001241
dataset_external/left/left_00138.jpg,left,0,left,0,yes,1.000000,1.000000,0.000000,0.000000,0.000000
dataset_external/left/left_00139.jpg,left,0,left,0,yes,0.999999,0.999999,0.000001,0.000000,0.000000
dataset_external/left/left_00140.jpg,left,0,left,0,yes,0.999999,0.999999,0.000000,0.000000,0.000001
dataset_external/left/left_00141.jpg,left,0,left,0,yes,1.000000,1.000000,0.000000,0.000000,0.000000
dataset_external/left/left_00142.jpg,left,0,left,0,yes,0.999998,0.999998,0.000001,0.000000,0.000001
dataset_external/left/left_00143.jpg,left,0,left,0,yes,0.995944,0.995944,0.000003,0.000002,0.004051
dataset_external/left/left_00144.jpg,left,0,left,0,yes,1.000000,1.000000,0.000000,0.000000,0.000000
dataset_external/left/left_00145.jpg,left,0,left,0,yes,1.000000,1.000000,0.000000,0.000000,0.000000
dataset_external/left/left_00146.jpg,left,0,left,0,yes,0.998385,0.998385,0.000431,0.000048,0.001136
dataset_external/left/left_00147.jpg,left,0,left,0,yes,0.999900,0.999900,0.000087,0.000008,0.000006
dataset_external/left/left_00148.jpg,left,0,left,0,yes,0.999995,0.999995,0.000000,0.000000,0.000005
dataset_external/left/left_00149.jpg,left,0,left,0,yes,0.999994,0.999994,0.000001,0.000000,0.000005
dataset_external/left/left_00150.jpg,left,0,left,0,yes,0.999872,0.999872,0.000009,0.000001,0.000119
dataset_external/left/left_00151.jpg,left,0,left,0,yes,0.999438,0.999438,0.000240,0.000009,0.000312
dataset_external/left/left_00152.jpg,left,0,left,0,yes,0.999947,0.999947,0.000000,0.000000,0.000052
dataset_external/left/left_00153.jpg,left,0,left,0,yes,0.999990,0.999990,0.000000,0.000000,0.000009
dataset_external/left/left_00154.jpg,left,0,left,0,yes,0.999860,0.999860,0.000074,0.000003,0.000063
dataset_external/left/left_00155.jpg,left,0,left,0,yes,0.999999,0.999999,0.000001,0.000000,0.000000
dataset_external/left/left_00156.jpg,left,0,left,0,yes,0.999998,0.999998,0.000000,0.000000,0.000001
dataset_external/left/left_00157.jpg,left,0,left,0,yes,1.000000,1.000000,0.000000,0.000000,0.000000
dataset_external/left/left_00158.jpg,left,0,left,0,yes,0.999995,0.999995,0.000004,0.000000,0.000002
dataset_external/left/left_00159.jpg,left,0,left,0,yes,0.999938,0.999938,0.000000,0.000003,0.000059
dataset_external/left/left_00160.jpg,left,0,left,0,yes,0.999947,0.999947,0.000041,0.000001,0.000012
dataset_external/left/left_00161.jpg,left,0,left,0,yes,0.999996,0.999996,0.000002,0.000000,0.000002
dataset_external/left/left_00162.jpg,left,0,left,0,yes,0.999996,0.999996,0.000003,0.000000,0.000000
dataset_external/left/left_00163.jpg,left,0,left,0,yes,1.000000,1.000000,0.000000,0.000000,0.000000
dataset_external/left/left_00164.jpg,left,0,left,0,yes,0.999899,0.999899,0.000078,0.000003,0.000020
dataset_external/left/left_00165.jpg,left,0,left,0,yes,0.999999,0.999999,0.000000,0.000000,0.000000
dataset_external/left/left_00166.jpg,left,0,left,0,yes,1.000000,1.000000,0.000000,0.000000,0.000000
dataset_external/left/left_00167.jpg,left,0,left,0,yes,0.999640,0.999640,0.000066,0.000001,0.000294
dataset_external/left/left_00168.jpg,left,0,left,0,yes,1.000000,1.000000,0.000000,0.000000,0.000000
dataset_external/left/left_00169.jpg,left,0,left,0,yes,0.999999,0.999999,0.000000,0.000000,0.000001
dataset_external/left/left_00170.jpg,left,0,left,0,yes,0.999995,0.999995,0.000002,0.000000,0.000002
dataset_external/left/left_00171.jpg,left,0,left,0,yes,0.999928,0.999928,0.000038,0.000003,0.000030
dataset_external/left/left_00172.jpg,left,0,left,0,yes,0.999998,0.999998,0.000000,0.000000,0.000001
dataset_external/left/left_00173.jpg,left,0,left,0,yes,0.999368,0.999368,0.000407,0.000039,0.000186
dataset_external/left/left_00174.jpg,left,0,left,0,yes,0.999827,0.999827,0.000022,0.000002,0.000150
dataset_external/left/left_00175.jpg,left,0,left,0,yes,0.999998,0.999998,0.000000,0.000000,0.000002
dataset_external/left/left_00176.jpg,left,0,left,0,yes,0.999997,0.999997,0.000000,0.000000,0.000002
dataset_external/left/left_00177.jpg,left,0,left,0,yes,1.000000,1.000000,0.000000,0.000000,0.000000
dataset_external/left/left_00178.jpg,left,0,left,0,yes,0.999948,0.999948,0.000000,0.000000,0.000052
dataset_external/left/left_00179.jpg,left,0,left,0,yes,0.811223,0.811223,0.001092,0.031494,0.156190
dataset_external/left/left_00180.jpg,left,0,left,0,yes,0.995522,0.995522,0.000022,0.002375,0.002082
dataset_external/left/left_00181.jpg,left,0,left,0,yes,0.999195,0.999195,0.000132,0.000185,0.000488
dataset_external/left/left_00182.jpg,left,0,left,0,yes,0.999992,0.999992,0.000000,0.000001,0.000006
dataset_external/left/left_00183.jpg,left,0,left,0,yes,0.999810,0.999810,0.000010,0.000000,0.000179
dataset_external/left/left_00184.jpg,left,0,left,0,yes,0.999998,0.999998,0.000001,0.000000,0.000001
dataset_external/left/left_00185.jpg,left,0,left,0,yes,0.999625,0.999625,0.000003,0.000000,0.000371
dataset_external/left/left_00186.jpg,left,0,left,0,yes,0.993088,0.993088,0.004131,0.000180,0.002601
dataset_external/left/left_00187.jpg,left,0,left,0,yes,0.999934,0.999934,0.000024,0.000015,0.000026
dataset_external/left/left_00188.jpg,left,0,left,0,yes,0.999998,0.999998,0.000001,0.000000,0.000002
dataset_external/left/left_00189.jpg,left,0,left,0,yes,0.878624,0.878624,0.006343,0.050716,0.064316
dataset_external/left/left_00190.jpg,left,0,left,0,yes,0.999997,0.999997,0.000000,0.000000,0.000003
dataset_external/left/left_00191.jpg,left,0,left,0,yes,0.999998,0.999998,0.000000,0.000000,0.000001
dataset_external/left/left_00192.jpg,left,0,left,0,yes,1.000000,1.000000,0.000000,0.000000,0.000000
dataset_external/left/left_00193.jpg,left,0,left,0,yes,0.999393,0.999393,0.000002,0.000000,0.000605
dataset_external/left/left_00194.jpg,left,0,left,0,yes,0.999931,0.999931,0.000030,0.000009,0.000029
dataset_external/left/left_00195.jpg,left,0,left,0,yes,1.000000,1.000000,0.000000,0.000000,0.000000
dataset_external/left/left_00196.jpg,left,0,left,0,yes,0.999941,0.999941,0.000002,0.000056,0.000001
dataset_external/left/left_00197.jpg,left,0,left,0,yes,0.998211,0.998211,0.000059,0.000180,0.001551
dataset_external/left/left_00198.jpg,left,0,left,0,yes,0.999993,0.999993,0.000001,0.000001,0.000005
dataset_external/left/left_00199.jpg,left,0,left,0,yes,0.999952,0.999952,0.000002,0.000034,0.000012
dataset_external/left/left_00200.jpg,left,0,left,0,yes,0.999999,0.999999,0.000001,0.000000,0.000000
dataset_external/left/left_00201.jpg,left,0,left,0,yes,0.999991,0.999991,0.000000,0.000000,0.000008
dataset_external/left/left_00202.jpg,left,0,left,0,yes,0.999920,0.999920,0.000001,0.000061,0.000017
dataset_external/left/left_00203.jpg,left,0,left,0,yes,0.967711,0.967711,0.000818,0.002136,0.029335
dataset_external/left/left_00204.jpg,left,0,left,0,yes,0.999999,0.999999,0.000001,0.000000,0.000000
dataset_external/left/left_00205.jpg,left,0,left,0,yes,0.999978,0.999978,0.000001,0.000014,0.000007
dataset_external/left/left_00206.jpg,left,0,left,0,yes,0.999998,0.999998,0.000000,0.000000,0.000001
dataset_external/left/left_00207.jpg,left,0,left,0,yes,0.999902,0.999902,0.000001,0.000000,0.000097
dataset_external/left/left_00208.jpg,left,0,left,0,yes,0.999999,0.999999,0.000000,0.000001,0.000000
dataset_external/left/left_00209.jpg,left,0,left,0,yes,0.983182,0.983182,0.000011,0.001693,0.015115
dataset_external/left/left_00210.jpg,left,0,left,0,yes,0.996086,0.996086,0.003175,0.000720,0.000020
dataset_external/left/left_00211.jpg,left,0,left,0,yes,0.991841,0.991841,0.006889,0.000301,0.000969
dataset_external/left/left_00212.jpg,left,0,left,0,yes,0.999993,0.999993,0.000005,0.000000,0.000001
dataset_external/left/left_00213.jpg,left,0,left,0,yes,0.999660,0.999660,0.000335,0.000000,0.000004
dataset_external/left/left_00214.jpg,left,0,left,0,yes,0.999996,0.999996,0.000000,0.000000,0.000004
dataset_external/left/left_00215.jpg,left,0,left,0,yes,1.000000,1.000000,0.000000,0.000000,0.000000
dataset_external/left/left_00216.jpg,left,0,left,0,yes,0.999977,0.999977,0.000008,0.000001,0.000014
dataset_external/left/left_00217.jpg,left,0,left,0,yes,0.999949,0.999949,0.000001,0.000000,0.000049
dataset_external/left/left_00218.jpg,left,0,left,0,yes,0.999892,0.999892,0.000104,0.000003,0.000001
dataset_external/left/left_00219.jpg,left,0,left,0,yes,0.999998,0.999998,0.000000,0.000000,0.000002
dataset_external/left/left_00220.jpg,left,0,left,0,yes,0.999611,0.999611,0.000058,0.000001,0.000331
dataset_external/left/left_00221.jpg,left,0,left,0,yes,1.000000,1.000000,0.000000,0.000000,0.000000
dataset_external/left/left_00222.jpg,left,0,left,0,yes,0.999276,0.999276,0.000294,0.000006,0.000423
dataset_external/left/left_00223.jpg,left,0,left,0,yes,0.999993,0.999993,0.000003,0.000000,0.000003
dataset_external/left/left_00224.jpg,left,0,left,0,yes,0.999086,0.999086,0.000025,0.000020,0.000870
dataset_external/left/left_00225.jpg,left,0,left,0,yes,0.998489,0.998489,0.000004,0.000095,0.001411
dataset_external/left/left_00226.jpg,left,0,left,0,yes,0.981610,0.981610,0.000000,0.000010,0.018380
dataset_external/left/left_00227.jpg,left,0,left,0,yes,0.999250,0.999250,0.000015,0.000014,0.000720
dataset_external/left/left_00228.jpg,left,0,left,0,yes,0.999926,0.999926,0.000067,0.000000,0.000007
dataset_external/left/left_00229.jpg,left,0,left,0,yes,0.999756,0.999756,0.000193,0.000005,0.000045
dataset_external/left/left_00230.jpg,left,0,left,0,yes,1.000000,1.000000,0.000000,0.000000,0.000000
dataset_external/left/left_00231.jpg,left,0,left,0,yes,0.999989,0.999989,0.000001,0.000000,0.000009
dataset_external/left/left_00232.jpg,left,0,left,0,yes,0.998285,0.998285,0.000034,0.000040,0.001641
dataset_external/left/left_00233.jpg,left,0,left,0,yes,0.999944,0.999944,0.000039,0.000002,0.000014
dataset_external/left/left_00234.jpg,left,0,left,0,yes,0.999990,0.999990,0.000001,0.000001,0.000008
dataset_external/left/left_00235.jpg,left,0,left,0,yes,0.999999,0.999999,0.000001,0.000000,0.000000
dataset_external/left/left_00236.jpg,left,0,left,0,yes,0.999970,0.999970,0.000002,0.000001,0.000028
dataset_external/left/left_00237.jpg,left,0,left,0,yes,0.995515,0.995515,0.000724,0.000000,0.003762
dataset_external/left/left_00238.jpg,left,0,left,0,yes,0.998496,0.998496,0.000153,0.000001,0.001350
dataset_external/left/left_00239.jpg,left,0,left,0,yes,1.000000,1.000000,0.000000,0.000000,0.000000
dataset_external/left/left_00240.jpg,left,0,left,0,yes,0.999997,0.999997,0.000000,0.000000,0.000003
dataset_external/left/left_00241.jpg,left,0,left,0,yes,1.000000,1.000000,0.000000,0.000000,0.000000
dataset_external/left/left_00242.jpg,left,0,left,0,yes,0.999988,0.999988,0.000001,0.000002,0.000009
dataset_external/left/left_00243.jpg,left,0,left,0,yes,1.000000,1.000000,0.000000,0.000000,0.000000
dataset_external/left/left_00244.jpg,left,0,left,0,yes,0.999847,0.999847,0.000153,0.000000,0.000000
dataset_external/left/left_00245.jpg,left,0,left,0,yes,0.999741,0.999741,0.000072,0.000001,0.000186
dataset_external/left/left_00246.jpg,left,0,left,0,yes,0.999906,0.999906,0.000022,0.000000,0.000072
dataset_external/left/left_00247.jpg,left,0,left,0,yes,0.999994,0.999994,0.000001,0.000001,0.000005
dataset_external/left/left_00248.jpg,left,0,left,0,yes,0.999228,0.999228,0.000051,0.000001,0.000720
dataset_external/left/left_00249.jpg,left,0,left,0,yes,1.000000,1.000000,0.000000,0.000000,0.000000
dataset_external/left/left_00250.jpg,left,0,left,0,yes,0.998907,0.998907,0.000019,0.000001,0.001073
dataset_external/left/left_00251.jpg,left,0,left,0,yes,0.999540,0.999540,0.000068,0.000005,0.000387
dataset_external/left/left_00252.jpg,left,0,left,0,yes,0.999813,0.999813,0.000175,0.000000,0.000011
dataset_external/left/left_00253.jpg,left,0,left,0,yes,1.000000,1.000000,0.000000,0.000000,0.000000
dataset_external/left/left_00254.jpg,left,0,left,0,yes,1.000000,1.000000,0.000000,0.000000,0.000000
dataset_external/left/left_00255.jpg,left,0,left,0,yes,1.000000,1.000000,0.000000,0.000000,0.000000
dataset_external/left/left_00256.jpg,left,0,left,0,yes,0.998865,0.998865,0.000388,0.000002,0.000745
dataset_external/left/left_00257.jpg,left,0,left,0,yes,0.997398,0.997398,0.000013,0.000008,0.002581
dataset_external/left/left_00258.jpg,left,0,left,0,yes,0.999996,0.999996,0.000000,0.000000,0.000004
dataset_external/left/left_00259.jpg,left,0,left,0,yes,1.000000,1.000000,0.000000,0.000000,0.000000
dataset_external/left/left_00260.jpg,left,0,left,0,yes,0.999973,0.999973,0.000008,0.000000,0.000018
dataset_external/left/left_00261.jpg,left,0,left,0,yes,0.999990,0.999990,0.000000,0.000002,0.000008
dataset_external/left/left_00262.jpg,left,0,left,0,yes,0.999999,0.999999,0.000000,0.000000,0.000000
dataset_external/left/left_00263.jpg,left,0,left,0,yes,0.999990,0.999990,0.000000,0.000000,0.000010
dataset_external/left/left_00264.jpg,left,0,left,0,yes,1.000000,1.000000,0.000000,0.000000,0.000000
dataset_external/left/left_00265.jpg,left,0,left,0,yes,0.999949,0.999949,0.000030,0.000000,0.000020
dataset_external/left/left_00266.jpg,left,0,left,0,yes,1.000000,1.000000,0.000000,0.000000,0.000000
dataset_external/left/left_00267.jpg,left,0,left,0,yes,0.934255,0.934255,0.000070,0.000048,0.065627
dataset_external/left/left_00268.jpg,left,0,left,0,yes,0.996637,0.996637,0.000031,0.000552,0.002780
dataset_external/left/left_00269.jpg,left,0,left,0,yes,0.999941,0.999941,0.000034,0.000000,0.000025
dataset_external/left/left_00270.jpg,left,0,left,0,yes,1.000000,1.000000,0.000000,0.000000,0.000000
dataset_external/left/left_00271.jpg,left,0,left,0,yes,0.999823,0.999823,0.000166,0.000006,0.000005
dataset_external/left/left_00272.jpg,left,0,left,0,yes,0.999976,0.999976,0.000009,0.000000,0.000016
dataset_external/left/left_00273.jpg,left,0,left,0,yes,0.991834,0.991834,0.001028,0.001200,0.005938
dataset_external/left/left_00274.jpg,left,0,left,0,yes,1.000000,1.000000,0.000000,0.000000,0.000000
dataset_external/left/left_00275.jpg,left,0,left,0,yes,0.999987,0.999987,0.000013,0.000000,0.000000
dataset_external/left/left_00276.jpg,left,0,left,0,yes,0.999999,0.999999,0.000001,0.000000,0.000000
dataset_external/left/left_00277.jpg,left,0,left,0,yes,1.000000,1.000000,0.000000,0.000000,0.000000
dataset_external/left/left_00278.jpg,left,0,left,0,yes,1.000000,1.000000,0.000000,0.000000,0.000000
dataset_external/left/left_00279.jpg,left,0,left,0,yes,0.999993,0.999993,0.000002,0.000000,0.000006
dataset_external/left/left_00280.jpg,left,0,left,0,yes,0.988945,0.988945,0.000023,0.005228,0.005803
dataset_external/left/left_00281.jpg,left,0,down,3,no,0.800605,0.151755,0.002283,0.045357,0.800605
dataset_external/left/left_00282.jpg,left,0,left,0,yes,0.999889,0.999889,0.000106,0.000000,0.000005
dataset_external/left/left_00283.jpg,left,0,left,0,yes,0.999965,0.999965,0.000007,0.000008,0.000020
dataset_external/left/left_00284.jpg,left,0,left,0,yes,0.999248,0.999248,0.000599,0.000023,0.000129
dataset_external/left/left_00285.jpg,left,0,left,0,yes,0.999990,0.999990,0.000000,0.000000,0.000009
dataset_external/left/left_00286.jpg,left,0,left,0,yes,0.999999,0.999999,0.000001,0.000000,0.000000
dataset_external/left/left_00287.jpg,left,0,left,0,yes,1.000000,1.000000,0.000000,0.000000,0.000000
dataset_external/left/left_00288.jpg,left,0,left,0,yes,0.999977,0.999977,0.000006,0.000013,0.000004
dataset_external/left/left_00289.jpg,left,0,left,0,yes,1.000000,1.000000,0.000000,0.000000,0.000000
dataset_external/left/left_00290.jpg,left,0,left,0,yes,0.999978,0.999978,0.000009,0.000004,0.000009
dataset_external/left/left_00291.jpg,left,0,left,0,yes,0.999517,0.999517,0.000481,0.000000,0.000002
dataset_external/left/left_00292.jpg,left,0,left,0,yes,0.999999,0.999999,0.000000,0.000000,0.000001
dataset_external/left/left_00293.jpg,left,0,left,0,yes,0.999663,0.999663,0.000007,0.000123,0.000208
dataset_external/left/left_00294.jpg,left,0,left,0,yes,0.999979,0.999979,0.000000,0.000000,0.000021
dataset_external/left/left_00295.jpg,left,0,down,3,no,0.751135,0.063468,0.000580,0.184817,0.751135
dataset_external/left/left_00296.jpg,left,0,left,0,yes,0.992675,0.992675,0.007174,0.000021,0.000130
dataset_external/left/left_00297.jpg,left,0,left,0,yes,0.999613,0.999613,0.000096,0.000022,0.000270
dataset_external/left/left_00298.jpg,left,0,left,0,yes,0.999982,0.999982,0.000004,0.000001,0.000013
dataset_external/left/left_00299.jpg,left,0,left,0,yes,1.000000,1.000000,0.000000,0.000000,0.000000
dataset_external/left/left_00300.jpg,left,0,left,0,yes,0.999997,0.999997,0.000001,0.000000,0.000002
dataset_external/left/left_00301.jpg,left,0,left,0,yes,0.999667,0.999667,0.000208,0.000072,0.000053
dataset_external/left/left_00302.jpg,left,0,left,0,yes,0.999955,0.999955,0.000035,0.000002,0.000008
dataset_external/left/left_00303.jpg,left,0,left,0,yes,0.999992,0.999992,0.000008,0.000000,0.000000
dataset_external/left/left_00304.jpg,left,0,left,0,yes,1.000000,1.000000,0.000000,0.000000,0.000000
dataset_external/left/left_00305.jpg,left,0,left,0,yes,0.999980,0.999980,0.000017,0.000001,0.000002
dataset_external/left/left_00306.jpg,left,0,left,0,yes,0.999929,0.999929,0.000050,0.000016,0.000004
dataset_external/left/left_00307.jpg,left,0,left,0,yes,0.999300,0.999300,0.000014,0.000493,0.000193
dataset_external/left/left_00308.jpg,left,0,left,0,yes,1.000000,1.000000,0.000000,0.000000,0.000000
dataset_external/left/left_00309.jpg,left,0,left,0,yes,0.999998,0.999998,0.000001,0.000000,0.000001
dataset_external/left/left_00310.jpg,left,0,left,0,yes,0.999997,0.999997,0.000002,0.000000,0.000000
dataset_external/left/left_00311.jpg,left,0,left,0,yes,0.999670,0.999670,0.000004,0.000066,0.000261
dataset_external/left/left_00312.jpg,left,0,left,0,yes,0.999634,0.999634,0.000078,0.000272,0.000016
dataset_external/left/left_00313.jpg,left,0,left,0,yes,0.999997,0.999997,0.000001,0.000000,0.000002
dataset_external/left/left_00314.jpg,left,0,left,0,yes,0.999975,0.999975,0.000021,0.000000,0.000004
dataset_external/left/left_00315.jpg,left,0,left,0,yes,0.881542,0.881542,0.000195,0.006685,0.111577
dataset_external/left/left_00316.jpg,left,0,left,0,yes,0.997481,0.997481,0.000007,0.000071,0.002442
dataset_external/left/left_00317.jpg,left,0,left,0,yes,1.000000,1.000000,0.000000,0.000000,0.000000
dataset_external/left/left_00318.jpg,left,0,left,0,yes,0.961951,0.961951,0.000128,0.001682,0.036239
dataset_external/left/left_00319.jpg,left,0,left,0,yes,0.999987,0.999987,0.000008,0.000000,0.000005
dataset_external/left/left_00320.jpg,left,0,left,0,yes,0.999920,0.999920,0.000068,0.000006,0.000006
dataset_external/left/left_00321.jpg,left,0,left,0,yes,0.999897,0.999897,0.000033,0.000031,0.000038
dataset_external/left/left_00322.jpg,left,0,left,0,yes,0.999994,0.999994,0.000000,0.000004,0.000002
dataset_external/left/left_00323.jpg,left,0,left,0,yes,0.999999,0.999999,0.000000,0.000000,0.000000
dataset_external/left/left_00324.jpg,left,0,left,0,yes,0.999996,0.999996,0.000003,0.000000,0.000001
dataset_external/left/left_00325.jpg,left,0,left,0,yes,0.999995,0.999995,0.000005,0.000000,0.000001
dataset_external/left/left_00326.jpg,left,0,left,0,yes,1.000000,1.000000,0.000000,0.000000,0.000000
dataset_external/left/left_00327.jpg,left,0,left,0,yes,0.999964,0.999964,0.000000,0.000000,0.000036
dataset_external/left/left_00328.jpg,left,0,left,0,yes,0.999645,0.999645,0.000098,0.000050,0.000207
dataset_external/left/left_00329.jpg,left,0,left,0,yes,0.998652,0.998652,0.000011,0.000004,0.001334
dataset_external/left/left_00330.jpg,left,0,left,0,yes,0.999979,0.999979,0.000017,0.000000,0.000003
dataset_external/left/left_00331.jpg,left,0,left,0,yes,0.999986,0.999986,0.000002,0.000000,0.000012
dataset_external/left/left_00332.jpg,left,0,left,0,yes,0.999995,0.999995,0.000001,0.000002,0.000002
dataset_external/left/left_00333.jpg,left,0,left,0,yes,0.999999,0.999999,0.000000,0.000000,0.000000
dataset_external/left/left_00334.jpg,left,0,left,0,yes,0.998257,0.998257,0.000032,0.000015,0.001697
dataset_external/left/left_00335.jpg,left,0,left,0,yes,0.946532,0.946532,0.001605,0.038733,0.013130
dataset_external/left/left_00336.jpg,left,0,left,0,yes,0.999988,0.999988,0.000001,0.000007,0.000004
dataset_external/left/left_00337.jpg,left,0,left,0,yes,0.999998,0.999998,0.000000,0.000000,0.000002
dataset_external/left/left_00338.jpg,left,0,left,0,yes,0.999994,0.999994,0.000001,0.000000,0.000005
dataset_external/left/left_00339.jpg,left,0,left,0,yes,0.999585,0.999585,0.000242,0.000124,0.000049
dataset_external/left/left_00340.jpg,left,0,left,0,yes,0.999998,0.999998,0.000001,0.000001,0.000000
dataset_external/left/left_00341.jpg,left,0,left,0,yes,0.999983,0.999983,0.000016,0.000000,0.000001
dataset_external/left/left_00342.jpg,left,0,left,0,yes,0.999878,0.999878,0.000029,0.000002,0.000090
dataset_external/left/left_00343.jpg,left,0,left,0,yes,0.999999,0.999999,0.000000,0.000000,0.000000
dataset_external/left/left_00344.jpg,left,0,left,0,yes,0.999552,0.999552,0.000062,0.000274,0.000112
dataset_external/left/left_00345.jpg,left,0,left,0,yes,1.000000,1.000000,0.000000,0.000000,0.000000
dataset_external/left/left_00346.jpg,left,0,left,0,yes,0.999999,0.999999,0.000000,0.000000,0.000001
dataset_external/left/left_00347.jpg,left,0,left,0,yes,0.999949,0.999949,0.000001,0.000004,0.000046
dataset_external/left/left_00348.jpg,left,0,left,0,yes,0.999498,0.999498,0.000449,0.000001,0.000052
dataset_external/left/left_00349.jpg,left,0,left,0,yes,0.999997,0.999997,0.000002,0.000000,0.000001
dataset_external/left/left_00350.jpg,left,0,left,0,yes,0.999999,0.999999,0.000000,0.000000,0.000001
dataset_external/left/left_00351.jpg,left,0,left,0,yes,1.000000,1.000000,0.000000,0.000000,0.000000
dataset_external/left/left_00352.jpg,left,0,left,0,yes,0.999996,0.999996,0.000001,0.000000,0.000003
dataset_external/left/left_00353.jpg,left,0,left,0,yes,0.990023,0.990023,0.000150,0.007570,0.002257
dataset_external/left/left_00354.jpg,left,0,left,0,yes,0.999966,0.999966,0.000003,0.000000,0.000031
dataset_external/left/left_00355.jpg,left,0,left,0,yes,0.999990,0.999990,0.000000,0.000001,0.000009
dataset_external/left/left_00356.jpg,left,0,left,0,yes,0.999998,0.999998,0.000000,0.000000,0.000001
dataset_external/left/left_00357.jpg,left,0,left,0,yes,0.999920,0.999920,0.000078,0.000000,0.000002
dataset_external/left/left_00358.jpg,left,0,left,0,yes,0.944004,0.944004,0.050555,0.000928,0.004514
dataset_external/left/left_00359.jpg,left,0,left,0,yes,1.000000,1.000000,0.000000,0.000000,0.000000
dataset_external/left/left_00360.jpg,left,0,left,0,yes,1.000000,1.000000,0.000000,0.000000,0.000000
dataset_external/left/left_00361.jpg,left,0,left,0,yes,0.974294,0.974294,0.016989,0.003399,0.005318
dataset_external/left/left_00362.jpg,left,0,left,0,yes,0.999709,0.999709,0.000099,0.000042,0.000150
dataset_external/left/left_00363.jpg,left,0,left,0,yes,0.984167,0.984167,0.000079,0.014977,0.000777
dataset_external/left/left_00364.jpg,left,0,left,0,yes,1.000000,1.000000,0.000000,0.000000,0.000000
dataset_external/left/left_00365.jpg,left,0,left,0,yes,0.999989,0.999989,0.000001,0.000009,0.000001
dataset_external/left/left_00366.jpg,left,0,left,0,yes,0.988069,0.988069,0.000011,0.000001,0.011919
dataset_external/left/left_00367.jpg,left,0,left,0,yes,0.999846,0.999846,0.000004,0.000047,0.000103
dataset_external/left/left_00368.jpg,left,0,left,0,yes,0.999923,0.999923,0.000001,0.000000,0.000076
dataset_external/left/left_00369.jpg,left,0,left,0,yes,0.999778,0.999778,0.000065,0.000005,0.000152
dataset_external/left/left_00370.jpg,left,0,left,0,yes,0.999729,0.999729,0.000000,0.000002,0.000270
dataset_external/left/left_00371.jpg,left,0,left,0,yes,0.999999,0.999999,0.000000,0.000000,0.000001
dataset_external/left/left_00372.jpg,left,0,left,0,yes,0.999770,0.999770,0.000002,0.000016,0.000213
dataset_external/left/left_00373.jpg,left,0,left,0,yes,1.000000,1.000000,0.000000,0.000000,0.000000
dataset_external/left/left_00374.jpg,left,0,left,0,yes,0.999637,0.999637,0.000002,0.000103,0.000257
dataset_external/left/left_00375.jpg,left,0,left,0,yes,0.999910,0.999910,0.000014,0.000002,0.000074
dataset_external/left/left_00376.jpg,left,0,left,0,yes,0.999996,0.999996,0.000003,0.000000,0.000001
dataset_external/left/left_00377.jpg,left,0,left,0,yes,0.999998,0.999998,0.000000,0.000000,0.000001
dataset_external/left/left_00378.jpg,left,0,left,0,yes,0.997449,0.997449,0.001036,0.000097,0.001418
dataset_external/left/left_00379.jpg,left,0,left,0,yes,0.999997,0.999997,0.000002,0.000000,0.000001
dataset_external/left/left_00380.jpg,left,0,left,0,yes,0.999991,0.999991,0.000001,0.000003,0.000006
dataset_external/left/left_00381.jpg,left,0,left,0,yes,0.999298,0.999298,0.000005,0.000092,0.000605
dataset_external/left/left_00382.jpg,left,0,left,0,yes,0.999988,0.999988,0.000000,0.000001,0.000011
dataset_external/left/left_00383.jpg,left,0,left,0,yes,0.999782,0.999782,0.000006,0.000158,0.000054
dataset_external/left/left_00384.jpg,left,0,left,0,yes,0.999573,0.999573,0.000018,0.000001,0.000409
dataset_external/left/left_00385.jpg,left,0,left,0,yes,0.999995,0.999995,0.000004,0.000001,0.000000
dataset_external/left/left_00386.jpg,left,0,left,0,yes,0.999996,0.999996,0.000004,0.000000,0.000000
dataset_external/left/left_00387.jpg,left,0,left,0,yes,0.999982,0.999982,0.000016,0.000000,0.000002
dataset_external/left/left_00388.jpg,left,0,left,0,yes,0.999999,0.999999,0.000000,0.000000,0.000001
dataset_external/left/left_00389.jpg,left,0,left,0,yes,0.999998,0.999998,0.000001,0.000000,0.000000
dataset_external/left/left_00390.jpg,left,0,left,0,yes,0.999997,0.999997,0.000001,0.000001,0.000000
dataset_external/left/left_00391.jpg,left,0,left,0,yes,0.999999,0.999999,0.000000,0.000001,0.000000
dataset_external/left/left_00392.jpg,left,0,left,0,yes,0.999993,0.999993,0.000001,0.000000,0.000007
dataset_external/left/left_00393.jpg,left,0,left,0,yes,0.963280,0.963280,0.003911,0.031219,0.001590
dataset_external/left/left_00394.jpg,left,0,left,0,yes,0.944450,0.944450,0.013218,0.003945,0.038387
dataset_external/left/left_00395.jpg,left,0,left,0,yes,0.999992,0.999992,0.000008,0.000000,0.000001
dataset_external/left/left_00396.jpg,left,0,left,0,yes,0.999999,0.999999,0.000000,0.000000,0.000000
dataset_external/left/left_00397.jpg,left,0,left,0,yes,0.999943,0.999943,0.000000,0.000000,0.000057
dataset_external/left/left_00398.jpg,left,0,left,0,yes,0.999998,0.999998,0.000001,0.000001,0.000000
dataset_external/left/left_00399.jpg,left,0,left,0,yes,1.000000,1.000000,0.000000,0.000000,0.000000
dataset_external/left/left_00400.jpg,left,0,left,0,yes,0.999976,0.999976,0.000002,0.000000,0.000022
dataset_external/left/left_00401.jpg,left,0,left,0,yes,1.000000,1.000000,0.000000,0.000000,0.000000
dataset_external/left/left_00402.jpg,left,0,left,0,yes,0.999946,0.999946,0.000042,0.000001,0.000011
dataset_external/left/left_00403.jpg,left,0,left,0,yes,0.999997,0.999997,0.000000,0.000000,0.000002
dataset_external/left/left_00404.jpg,left,0,left,0,yes,0.999959,0.999959,0.000003,0.000021,0.000018
dataset_external/left/left_00405.jpg,left,0,left,0,yes,0.999999,0.999999,0.000000,0.000000,0.000001
dataset_external/left/left_00406.jpg,left,0,left,0,yes,0.999982,0.999982,0.000000,0.000001,0.000016
dataset_external/left/left_00407.jpg,left,0,left,0,yes,0.999997,0.999997,0.000003,0.000000,0.000000
dataset_external/left/left_00408.jpg,left,0,left,0,yes,0.693684,0.693684,0.000036,0.001926,0.304354
dataset_external/left/left_00409.jpg,left,0,left,0,yes,0.993735,0.993735,0.004867,0.000002,0.001396
dataset_external/left/left_00410.jpg,left,0,left,0,yes,0.999953,0.999953,0.000000,0.000004,0.000044
dataset_external/left/left_00411.jpg,left,0,left,0,yes,0.934440,0.934440,0.014189,0.008636,0.042735
dataset_external/left/left_00412.jpg,left,0,left,0,yes,1.000000,1.000000,0.000000,0.000000,0.000000
dataset_external/left/left_00413.jpg,left,0,left,0,yes,0.999910,0.999910,0.000013,0.000001,0.000076
dataset_external/left/left_00414.jpg,left,0,left,0,yes,0.998356,0.998356,0.000000,0.000000,0.001644
dataset_external/left/left_00415.jpg,left,0,left,0,yes,0.999612,0.999612,0.000002,0.000381,0.000004
dataset_external/left/left_00416.jpg,left,0,left,0,yes,0.999992,0.999992,0.000004,0.000001,0.000003
dataset_external/left/left_00417.jpg,left,0,left,0,yes,0.999999,0.999999,0.000001,0.000000,0.000000
dataset_external/left/left_00418.jpg,left,0,left,0,yes,0.999997,0.999997,0.000000,0.000000,0.000002
dataset_external/left/left_00419.jpg,left,0,left,0,yes,1.000000,1.000000,0.000000,0.000000,0.000000
dataset_external/left/left_00420.jpg,left,0,left,0,yes,1.000000,1.000000,0.000000,0.000000,0.000000
dataset_external/left/left_00421.jpg,left,0,left,0,yes,0.999609,0.999609,0.000001,0.000217,0.000174
dataset_external/left/left_00422.jpg,left,0,left,0,yes,0.999890,0.999890,0.000005,0.000022,0.000083
dataset_external/left/left_00423.jpg,left,0,left,0,yes,0.999996,0.999996,0.000002,0.000000,0.000002
dataset_external/left/left_00424.jpg,left,0,left,0,yes,0.682220,0.682220,0.145420,0.158400,0.013961
dataset_external/left/left_00425.jpg,left,0,left,0,yes,0.999992,0.999992,0.000007,0.000001,0.000000
dataset_external/left/left_00426.jpg,left,0,left,0,yes,0.999999,0.999999,0.000001,0.000000,0.000000
dataset_external/left/left_00427.jpg,left,0,left,0,yes,0.999999,0.999999,0.000000,0.000000,0.000001
dataset_external/left/left_00428.jpg,left,0,left,0,yes,0.999950,0.999950,0.000047,0.000000,0.000002
dataset_external/left/left_00429.jpg,left,0,left,0,yes,0.999987,0.999987,0.000010,0.000000,0.000003
dataset_external/left/left_00430.jpg,left,0,left,0,yes,0.999996,0.999996,0.000000,0.000000,0.000004
dataset_external/left/left_00431.jpg,left,0,left,0,yes,0.999996,0.999996,0.000000,0.000000,0.000004
dataset_external/left/left_00432.jpg,left,0,left,0,yes,0.999958,0.999958,0.000005,0.000018,0.000019
dataset_external/left/left_00433.jpg,left,0,left,0,yes,1.000000,1.000000,0.000000,0.000000,0.000000
dataset_external/left/left_00434.jpg,left,0,left,0,yes,0.999999,0.999999,0.000000,0.000000,0.000001
dataset_external/left/left_00435.jpg,left,0,left,0,yes,1.000000,1.000000,0.000000,0.000000,0.000000
dataset_external/left/left_00436.jpg,left,0,left,0,yes,0.997753,0.997753,0.002000,0.000006,0.000241
dataset_external/left/left_00437.jpg,left,0,left,0,yes,0.999970,0.999970,0.000000,0.000000,0.000029
dataset_external/left/left_00438.jpg,left,0,left,0,yes,0.994079,0.994079,0.005643,0.000003,0.000274
dataset_external/left/left_00439.jpg,left,0,left,0,yes,0.997776,0.997776,0.000036,0.000016,0.002172
dataset_external/left/left_00440.jpg,left,0,left,0,yes,0.999995,0.999995,0.000000,0.000000,0.000004
dataset_external/left/left_00441.jpg,left,0,left,0,yes,1.000000,1.000000,0.000000,0.000000,0.000000
dataset_external/left/left_00442.jpg,left,0,left,0,yes,0.999994,0.999994,0.000001,0.000000,0.000005
dataset_external/left/left_00443.jpg,left,0,left,0,yes,0.999966,0.999966,0.000002,0.000000,0.000032
dataset_external/left/left_00444.jpg,left,0,left,0,yes,0.999998,0.999998,0.000000,0.000000,0.000002
dataset_external/left/left_00445.jpg,left,0,left,0,yes,1.000000,1.000000,0.000000,0.000000,0.000000
dataset_external/left/left_00446.jpg,left,0,left,0,yes,1.000000,1.000000,0.000000,0.000000,0.000000
dataset_external/left/left_00447.jpg,left,0,left,0,yes,0.999994,0.999994,0.000003,0.000000,0.000003
dataset_external/left/left_00448.jpg,left,0,left,0,yes,0.999928,0.999928,0.000021,0.000006,0.000045
dataset_external/left/left_00449.jpg,left,0,left,0,yes,0.859565,0.859565,0.000327,0.122969,0.017139
dataset_external/left/left_00450.jpg,left,0,left,0,yes,0.999885,0.999885,0.000013,0.000042,0.000061
dataset_external/left/left_00451.jpg,left,0,left,0,yes,0.999977,0.999977,0.000002,0.000001,0.000020
dataset_external/left/left_00452.jpg,left,0,left,0,yes,0.999987,0.999987,0.000000,0.000001,0.000012
dataset_external/left/left_00453.jpg,left,0,left,0,yes,0.987686,0.987686,0.000095,0.000010,0.012210
dataset_external/left/left_00454.jpg,left,0,left,0,yes,0.995575,0.995575,0.000382,0.002114,0.001929
dataset_external/left/left_00455.jpg,left,0,left,0,yes,0.999459,0.999459,0.000001,0.000009,0.000531
dataset_external/left/left_00456.jpg,left,0,left,0,yes,1.000000,1.000000,0.000000,0.000000,0.000000
dataset_external/left/left_00457.jpg,left,0,left,0,yes,0.999971,0.999971,0.000000,0.000000,0.000028
dataset_external/left/left_00458.jpg,left,0,left,0,yes,0.998429,0.998429,0.000002,0.001515,0.000055
dataset_external/left/left_00459.jpg,left,0,left,0,yes,0.999539,0.999539,0.000027,0.000003,0.000432
dataset_external/left/left_00460.jpg,left,0,left,0,yes,1.000000,1.000000,0.000000,0.000000,0.000000
dataset_external/left/left_00461.jpg,left,0,left,0,yes,0.992662,0.992662,0.000018,0.000025,0.007296
dataset_external/left/left_00462.jpg,left,0,left,0,yes,1.000000,1.000000,0.000000,0.000000,0.000000
dataset_external/left/left_00463.jpg,left,0,left,0,yes,1.000000,1.000000,0.000000,0.000000,0.000000
dataset_external/left/left_00464.jpg,left,0,left,0,yes,0.978582,0.978582,0.000000,0.000000,0.021418
dataset_external/left/left_00465.jpg,left,0,left,0,yes,0.999999,0.999999,0.000001,0.000000,0.000000
dataset_external/left/left_00466.jpg,left,0,left,0,yes,0.999999,0.999999,0.000001,0.000000,0.000000
dataset_external/left/left_00467.jpg,left,0,left,0,yes,0.999998,0.999998,0.000000,0.000000,0.000001
dataset_external/left/left_00468.jpg,left,0,left,0,yes,0.999998,0.999998,0.000000,0.000000,0.000001
dataset_external/left/left_00469.jpg,left,0,left,0,yes,0.996328,0.996328,0.002348,0.000481,0.000843
dataset_external/left/left_00470.jpg,left,0,left,0,yes,0.999999,0.999999,0.000000,0.000000,0.000001
dataset_external/left/left_00471.jpg,left,0,left,0,yes,0.999961,0.999961,0.000001,0.000001,0.000037
dataset_external/left/left_00472.jpg,left,0,left,0,yes,0.999247,0.999247,0.000006,0.000000,0.000747
dataset_external/left/left_00473.jpg,left,0,left,0,yes,0.999023,0.999023,0.000003,0.000022,0.000952
dataset_external/left/left_00474.jpg,left,0,left,0,yes,1.000000,1.000000,0.000000,0.000000,0.000000
dataset_external/left/left_00475.jpg,left,0,left,0,yes,0.999975,0.999975,0.000000,0.000002,0.000023
dataset_external/left/left_00476.jpg,left,0,left,0,yes,1.000000,1.000000,0.000000,0.000000,0.000000
dataset_external/left/left_00477.jpg,left,0,left,0,yes,0.999908,0.999908,0.000006,0.000018,0.000068
dataset_external/left/left_00478.jpg,left,0,left,0,yes,0.999975,0.999975,0.000000,0.000001,0.000023
dataset_external/left/left_00479.jpg,left,0,left,0,yes,0.992413,0.992413,0.000005,0.000002,0.007580
dataset_external/left/left_00480.jpg,left,0,left,0,yes,0.999997,0.999997,0.000001,0.000001,0.000001
dataset_external/left/left_00481.jpg,left,0,left,0,yes,1.000000,1.000000,0.000000,0.000000,0.000000
dataset_external/left/left_00482.jpg,left,0,left,0,yes,0.999996,0.999996,0.000000,0.000000,0.000003
dataset_external/left/left_00483.jpg,left,0,left,0,yes,0.999713,0.999713,0.000238,0.000046,0.000002
dataset_external/left/left_00484.jpg,left,0,left,0,yes,0.999971,0.999971,0.000003,0.000000,0.000026
dataset_external/left/left_00485.jpg,left,0,left,0,yes,0.999487,0.999487,0.000007,0.000009,0.000497
dataset_external/left/left_00486.jpg,left,0,left,0,yes,0.999884,0.999884,0.000102,0.000001,0.000013
dataset_external/left/left_00487.jpg,left,0,left,0,yes,1.000000,1.000000,0.000000,0.000000,0.000000
dataset_external/left/left_00488.jpg,left,0,left,0,yes,0.999999,0.999999,0.000000,0.000000,0.000001
dataset_external/left/left_00489.jpg,left,0,left,0,yes,0.983505,0.983505,0.000114,0.000063,0.016318
dataset_external/left/left_00490.jpg,left,0,left,0,yes,0.999143,0.999143,0.000049,0.000089,0.000720
dataset_external/left/left_00491.jpg,left,0,left,0,yes,0.999994,0.999994,0.000004,0.000000,0.000002
dataset_external/left/left_00492.jpg,left,0,left,0,yes,0.997294,0.997294,0.002671,0.000003,0.000032
dataset_external/left/left_00493.jpg,left,0,left,0,yes,0.995572,0.995572,0.000117,0.000001,0.004311
dataset_external/left/left_00494.jpg,left,0,left,0,yes,0.999997,0.999997,0.000000,0.000003,0.000000
dataset_external/left/left_00495.jpg,left,0,left,0,yes,1.000000,1.000000,0.000000,0.000000,0.000000
dataset_external/left/left_00496.jpg,left,0,left,0,yes,0.999920,0.999920,0.000077,0.000000,0.000002
dataset_external/left/left_00497.jpg,left,0,left,0,yes,0.999998,0.999998,0.000000,0.000000,0.000002
dataset_external/left/left_00498.jpg,left,0,left,0,yes,0.999998,0.999998,0.000000,0.000000,0.000001
dataset_external/left/left_00499.jpg,left,0,left,0,yes,0.999932,0.999932,0.000020,0.000021,0.000028
dataset_external/right/right_00000.jpg,right,1,right,1,yes,0.999972,0.000014,0.999972,0.000009,0.000005
dataset_external/right/right_00001.jpg,right,1,right,1,yes,0.999999,0.000000,0.999999,0.000000,0.000001
dataset_external/right/right_00002.jpg,right,1,right,1,yes,0.998694,0.000510,0.998694,0.000651,0.000145
dataset_external/right/right_00003.jpg,right,1,right,1,yes,0.999992,0.000007,0.999992,0.000001,0.000000
dataset_external/right/right_00004.jpg,right,1,right,1,yes,0.999998,0.000001,0.999998,0.000001,0.000000
dataset_external/right/right_00005.jpg,right,1,right,1,yes,0.999030,0.000788,0.999030,0.000176,0.000006
dataset_external/right/right_00006.jpg,right,1,right,1,yes,0.999998,0.000002,0.999998,0.000000,0.000000
dataset_external/right/right_00007.jpg,right,1,right,1,yes,0.998314,0.000023,0.998314,0.000058,0.001605
dataset_external/right/right_00008.jpg,right,1,right,1,yes,0.999848,0.000074,0.999848,0.000040,0.000037
dataset_external/right/right_00009.jpg,right,1,right,1,yes,0.998233,0.001571,0.998233,0.000063,0.000133
dataset_external/right/right_00010.jpg,right,1,right,1,yes,0.997364,0.001909,0.997364,0.000614,0.000113
dataset_external/right/right_00011.jpg,right,1,right,1,yes,0.999985,0.000013,0.999985,0.000000,0.000003
dataset_external/right/right_00012.jpg,right,1,right,1,yes,0.999999,0.000000,0.999999,0.000000,0.000001
dataset_external/right/right_00013.jpg,right,1,right,1,yes,0.999992,0.000000,0.999992,0.000007,0.000001
dataset_external/right/right_00014.jpg,right,1,right,1,yes,0.999949,0.000001,0.999949,0.000050,0.000000
dataset_external/right/right_00015.jpg,right,1,right,1,yes,0.999999,0.000000,0.999999,0.000001,0.000000
dataset_external/right/right_00016.jpg,right,1,right,1,yes,0.999997,0.000000,0.999997,0.000000,0.000003
dataset_external/right/right_00017.jpg,right,1,right,1,yes,0.999999,0.000000,0.999999,0.000001,0.000000
dataset_external/right/right_00018.jpg,right,1,right,1,yes,0.998599,0.001113,0.998599,0.000056,0.000232
dataset_external/right/right_00019.jpg,right,1,right,1,yes,0.999937,0.000063,0.999937,0.000000,0.000000
dataset_external/right/right_00020.jpg,right,1,right,1,yes,0.999953,0.000013,0.999953,0.000032,0.000002
dataset_external/right/right_00021.jpg,right,1,right,1,yes,0.999992,0.000002,0.999992,0.000006,0.000000
dataset_external/right/right_00022.jpg,right,1,right,1,yes,0.999960,0.000025,0.999960,0.000009,0.000006
dataset_external/right/right_00023.jpg,right,1,right,1,yes,0.999918,0.000027,0.999918,0.000013,0.000042
dataset_external/right/right_00024.jpg,right,1,right,1,yes,0.999999,0.000000,0.999999,0.000000,0.000000
dataset_external/right/right_00025.jpg,right,1,up,2,no,0.365986,0.114152,0.312790,0.365986,0.207073
dataset_external/right/right_00026.jpg,right,1,right,1,yes,0.999999,0.000000,0.999999,0.000000,0.000001
dataset_external/right/right_00027.jpg,right,1,right,1,yes,0.999603,0.000142,0.999603,0.000009,0.000246
dataset_external/right/right_00028.jpg,right,1,right,1,yes,0.999960,0.000016,0.999960,0.000013,0.000011
dataset_external/right/right_00029.jpg,right,1,right,1,yes,0.999963,0.000026,0.999963,0.000004,0.000007
dataset_external/right/right_00030.jpg,right,1,right,1,yes,0.999999,0.000000,0.999999,0.000000,0.000001
dataset_external/right/right_00031.jpg,right,1,right,1,yes,0.998571,0.000003,0.998571,0.001050,0.000377
dataset_external/right/right_00032.jpg,right,1,right,1,yes,0.999952,0.000023,0.999952,0.000005,0.000020
dataset_external/right/right_00033.jpg,right,1,right,1,yes,0.999956,0.000001,0.999956,0.000043,0.000001
dataset_external/right/right_00034.jpg,right,1,right,1,yes,0.998593,0.000005,0.998593,0.001395,0.000006
dataset_external/right/right_00035.jpg,right,1,right,1,yes,0.999911,0.000004,0.999911,0.000043,0.000042
dataset_external/right/right_00036.jpg,right,1,right,1,yes,1.000000,0.000000,1.000000,0.000000,0.000000
dataset_external/right/right_00037.jpg,right,1,right,1,yes,0.999997,0.000001,0.999997,0.000001,0.000000
dataset_external/right/right_00038.jpg,right,1,right,1,yes,0.999914,0.000017,0.999914,0.000008,0.000060
dataset_external/right/right_00039.jpg,right,1,right,1,yes,0.964514,0.034709,0.964514,0.000529,0.000248
dataset_external/right/right_00040.jpg,right,1,right,1,yes,0.999961,0.000035,0.999961,0.000002,0.000003
dataset_external/right/right_00041.jpg,right,1,right,1,yes,0.999999,0.000000,0.999999,0.000001,0.000000
dataset_external/right/right_00042.jpg,right,1,right,1,yes,0.999995,0.000001,0.999995,0.000004,0.000000
dataset_external/right/right_00043.jpg,right,1,right,1,yes,0.999951,0.000047,0.999951,0.000000,0.000002
dataset_external/right/right_00044.jpg,right,1,right,1,yes,0.999765,0.000093,0.999765,0.000139,0.000002
dataset_external/right/right_00045.jpg,right,1,right,1,yes,0.955288,0.042020,0.955288,0.000539,0.002154
dataset_external/right/right_00046.jpg,right,1,right,1,yes,1.000000,0.000000,1.000000,0.000000,0.000000
dataset_external/right/right_00047.jpg,right,1,right,1,yes,0.999860,0.000036,0.999860,0.000043,0.000061
dataset_external/right/right_00048.jpg,right,1,right,1,yes,0.999613,0.000036,0.999613,0.000294,0.000057
dataset_external/right/right_00049.jpg,right,1,right,1,yes,0.999980,0.000003,0.999980,0.000015,0.000002
dataset_external/right/right_00050.jpg,right,1,right,1,yes,0.999999,0.000000,0.999999,0.000000,0.000000
dataset_external/right/right_00051.jpg,right,1,right,1,yes,0.999337,0.000059,0.999337,0.000602,0.000003
dataset_external/right/right_00052.jpg,right,1,right,1,yes,0.999961,0.000022,0.999961,0.000017,0.000001
dataset_external/right/right_00053.jpg,right,1,right,1,yes,0.999999,0.000000,0.999999,0.000000,0.000001
dataset_external/right/right_00054.jpg,right,1,right,1,yes,0.973508,0.000072,0.973508,0.024667,0.001753
dataset_external/right/right_00055.jpg,right,1,right,1,yes,0.991487,0.000196,0.991487,0.008182,0.000135
dataset_external/right/right_00056.jpg,right,1,right,1,yes,0.999948,0.000000,0.999948,0.000000,0.000051
dataset_external/right/right_00057.jpg,right,1,right,1,yes,0.995518,0.003914,0.995518,0.000510,0.000059
dataset_external/right/right_00058.jpg,right,1,right,1,yes,0.999991,0.000004,0.999991,0.000002,0.000003
dataset_external/right/right_00059.jpg,right,1,right,1,yes,0.999998,0.000000,0.999998,0.000000,0.000002
dataset_external/right/right_00060.jpg,right,1,right,1,yes,0.999958,0.000005,0.999958,0.000010,0.000027
dataset_external/right/right_00061.jpg,right,1,right,1,yes,0.999919,0.000009,0.999919,0.000059,0.000013
dataset_external/right/right_00062.jpg,right,1,right,1,yes,0.999996,0.000000,0.999996,0.000003,0.000000
dataset_external/right/right_00063.jpg,right,1,right,1,yes,0.999839,0.000000,0.999839,0.000160,0.000001
dataset_external/right/right_00064.jpg,right,1,right,1,yes,0.998877,0.000156,0.998877,0.000834,0.000133
dataset_external/right/right_00065.jpg,right,1,right,1,yes,0.999985,0.000008,0.999985,0.000004,0.000003
dataset_external/right/right_00066.jpg,right,1,right,1,yes,0.999404,0.000000,0.999404,0.000595,0.000000
dataset_external/right/right_00067.jpg,right,1,right,1,yes,0.999974,0.000001,0.999974,0.000023,0.000003
dataset_external/right/right_00068.jpg,right,1,right,1,yes,0.999946,0.000048,0.999946,0.000001,0.000006
dataset_external/right/right_00069.jpg,right,1,right,1,yes,0.997683,0.002087,0.997683,0.000039,0.000191
dataset_external/right/right_00070.jpg,right,1,right,1,yes,0.999993,0.000007,0.999993,0.000000,0.000000
dataset_external/right/right_00071.jpg,right,1,right,1,yes,0.999176,0.000014,0.999176,0.000808,0.000001
dataset_external/right/right_00072.jpg,right,1,right,1,yes,0.999936,0.000003,0.999936,0.000062,0.000000
dataset_external/right/right_00073.jpg,right,1,right,1,yes,0.999999,0.000000,0.999999,0.000001,0.000000
dataset_external/right/right_00074.jpg,right,1,right,1,yes,1.000000,0.000000,1.000000,0.000000,0.000000
dataset_external/right/right_00075.jpg,right,1,right,1,yes,0.999993,0.000000,0.999993,0.000007,0.000000
dataset_external/right/right_00076.jpg,right,1,right,1,yes,0.999576,0.000066,0.999576,0.000079,0.000280
dataset_external/right/right_00077.jpg,right,1,right,1,yes,0.999986,0.000009,0.999986,0.000001,0.000004
dataset_external/right/right_00078.jpg,right,1,right,1,yes,0.999982,0.000016,0.999982,0.000000,0.000002
dataset_external/right/right_00079.jpg,right,1,right,1,yes,0.999987,0.000000,0.999987,0.000012,0.000001
dataset_external/right/right_00080.jpg,right,1,right,1,yes,1.000000,0.000000,1.000000,0.000000,0.000000
dataset_external/right/right_00081.jpg,right,1,right,1,yes,0.999602,0.000127,0.999602,0.000016,0.000255
dataset_external/right/right_00082.jpg,right,1,right,1,yes,0.999888,0.000061,0.999888,0.000049,0.000002
dataset_external/right/right_00083.jpg,right,1,right,1,yes,0.999952,0.000000,0.999952,0.000000,0.000047
dataset_external/right/right_00084.jpg,right,1,right,1,yes,0.999964,0.000005,0.999964,0.000028,0.000002
dataset_external/right/right_00085.jpg,right,1,right,1,yes,0.999997,0.000002,0.999997,0.000000,0.000000
dataset_external/right/right_00086.jpg,right,1,right,1,yes,0.999864,0.000096,0.999864,0.000018,0.000021
dataset_external/right/right_00087.jpg,right,1,right,1,yes,0.999966,0.000023,0.999966,0.000011,0.000000
dataset_external/right/right_00088.jpg,right,1,right,1,yes,0.999875,0.000019,0.999875,0.000106,0.000001
dataset_external/right/right_00089.jpg,right,1,right,1,yes,0.999995,0.000005,0.999995,0.000000,0.000000
dataset_external/right/right_00090.jpg,right,1,right,1,yes,0.999965,0.000021,0.999965,0.000003,0.000012
dataset_external/right/right_00091.jpg,right,1,right,1,yes,0.999720,0.000000,0.999720,0.000270,0.000010
dataset_external/right/right_00092.jpg,right,1,right,1,yes,0.998578,0.000929,0.998578,0.000003,0.000490
dataset_external/right/right_00093.jpg,right,1,right,1,yes,0.999995,0.000003,0.999995,0.000001,0.000001
dataset_external/right/right_00094.jpg,right,1,right,1,yes,0.997581,0.000001,0.997581,0.002409,0.000009
dataset_external/right/right_00095.jpg,right,1,right,1,yes,1.000000,0.000000,1.000000,0.000000,0.000000
dataset_external/right/right_00096.jpg,right,1,right,1,yes,0.998981,0.000935,0.998981,0.000084,0.000000
dataset_external/right/right_00097.jpg,right,1,right,1,yes,0.999214,0.000304,0.999214,0.000376,0.000107
dataset_external/right/right_00098.jpg,right,1,right,1,yes,0.999999,0.000000,0.999999,0.000000,0.000000
dataset_external/right/right_00099.jpg,right,1,right,1,yes,0.999975,0.000012,0.999975,0.000009,0.000004
dataset_external/right/right_00100.jpg,right,1,right,1,yes,0.974857,0.000065,0.974857,0.000397,0.024681
dataset_external/right/right_00101.jpg,right,1,right,1,yes,0.999963,0.000036,0.999963,0.000001,0.000000
dataset_external/right/right_00102.jpg,right,1,right,1,yes,0.999998,0.000000,0.999998,0.000001,0.000001
dataset_external/right/right_00103.jpg,right,1,right,1,yes,0.999895,0.000001,0.999895,0.000104,0.000000
dataset_external/right/right_00104.jpg,right,1,right,1,yes,0.999554,0.000015,0.999554,0.000160,0.000271
dataset_external/right/right_00105.jpg,right,1,right,1,yes,0.999993,0.000006,0.999993,0.000002,0.000000
dataset_external/right/right_00106.jpg,right,1,right,1,yes,0.999998,0.000000,0.999998,0.000000,0.000002
dataset_external/right/right_00107.jpg,right,1,right,1,yes,0.999985,0.000007,0.999985,0.000007,0.000001
dataset_external/right/right_00108.jpg,right,1,right,1,yes,0.977022,0.000000,0.977022,0.022976,0.000001
dataset_external/right/right_00109.jpg,right,1,right,1,yes,0.993681,0.000275,0.993681,0.002452,0.003591
dataset_external/right/right_00110.jpg,right,1,right,1,yes,0.999999,0.000000,0.999999,0.000000,0.000000
dataset_external/right/right_00111.jpg,right,1,right,1,yes,0.999995,0.000002,0.999995,0.000002,0.000000
dataset_external/right/right_00112.jpg,right,1,right,1,yes,0.999999,0.000001,0.999999,0.000001,0.000000
dataset_external/right/right_00113.jpg,right,1,right,1,yes,0.999980,0.000010,0.999980,0.000002,0.000008
dataset_external/right/right_00114.jpg,right,1,right,1,yes,0.999996,0.000000,0.999996,0.000004,0.000000
dataset_external/right/right_00115.jpg,right,1,right,1,yes,0.998852,0.000027,0.998852,0.000797,0.000324
dataset_external/right/right_00116.jpg,right,1,left,0,no,0.819317,0.819317,0.004336,0.002111,0.174236
dataset_external/right/right_00117.jpg,right,1,right,1,yes,0.999917,0.000053,0.999917,0.000020,0.000009
dataset_external/right/right_00118.jpg,right,1,right,1,yes,1.000000,0.000000,1.000000,0.000000,0.000000
dataset_external/right/right_00119.jpg,right,1,right,1,yes,1.000000,0.000000,1.000000,0.000000,0.000000
dataset_external/right/right_00120.jpg,right,1,right,1,yes,1.000000,0.000000,1.000000,0.000000,0.000000
dataset_external/right/right_00121.jpg,right,1,right,1,yes,1.000000,0.000000,1.000000,0.000000,0.000000
dataset_external/right/right_00122.jpg,right,1,right,1,yes,0.998062,0.000841,0.998062,0.000607,0.000490
dataset_external/right/right_00123.jpg,right,1,right,1,yes,0.999891,0.000000,0.999891,0.000108,0.000001
dataset_external/right/right_00124.jpg,right,1,right,1,yes,0.999782,0.000001,0.999782,0.000216,0.000001
dataset_external/right/right_00125.jpg,right,1,right,1,yes,0.999852,0.000105,0.999852,0.000035,0.000008
dataset_external/right/right_00126.jpg,right,1,right,1,yes,0.999154,0.000003,0.999154,0.000816,0.000027
dataset_external/right/right_00127.jpg,right,1,right,1,yes,0.991180,0.004353,0.991180,0.003585,0.000882
dataset_external/right/right_00128.jpg,right,1,right,1,yes,0.999983,0.000000,0.999983,0.000016,0.000000
dataset_external/right/right_00129.jpg,right,1,right,1,yes,0.999212,0.000027,0.999212,0.000653,0.000108
dataset_external/right/right_00130.jpg,right,1,right,1,yes,0.999970,0.000001,0.999970,0.000023,0.000006
dataset_external/right/right_00131.jpg,right,1,right,1,yes,0.999806,0.000012,0.999806,0.000071,0.000111
dataset_external/right/right_00132.jpg,right,1,right,1,yes,1.000000,0.000000,1.000000,0.000000,0.000000
dataset_external/right/right_00133.jpg,right,1,right,1,yes,0.999931,0.000023,0.999931,0.000045,0.000001
dataset_external/right/right_00134.jpg,right,1,right,1,yes,0.987994,0.001302,0.987994,0.009282,0.001421
dataset_external/right/right_00135.jpg,right,1,right,1,yes,0.999544,0.000365,0.999544,0.000082,0.000009
dataset_external/right/right_00136.jpg,right,1,right,1,yes,0.999982,0.000016,0.999982,0.000001,0.000002
dataset_external/right/right_00137.jpg,right,1,right,1,yes,0.999289,0.000045,0.999289,0.000585,0.000081
dataset_external/right/right_00138.jpg,right,1,right,1,yes,0.934346,0.053123,0.934346,0.012352,0.000179
dataset_external/right/right_00139.jpg,right,1,right,1,yes,0.999987,0.000007,0.999987,0.000004,0.000001
dataset_external/right/right_00140.jpg,right,1,right,1,yes,0.999225,0.000012,0.999225,0.000635,0.000127
dataset_external/right/right_00141.jpg,right,1,right,1,yes,0.998977,0.000088,0.998977,0.000484,0.000451
dataset_external/right/right_00142.jpg,right,1,right,1,yes,0.999928,0.000000,0.999928,0.000056,0.000016
dataset_external/right/right_00143.jpg,right,1,right,1,yes,0.999961,0.000033,0.999961,0.000006,0.000001
dataset_external/right/right_00144.jpg,right,1,right,1,yes,0.999983,0.000001,0.999983,0.000014,0.000002
dataset_external/right/right_00145.jpg,right,1,right,1,yes,0.999929,0.000025,0.999929,0.000036,0.000010
dataset_external/right/right_00146.jpg,right,1,right,1,yes,0.999998,0.000001,0.999998,0.000000,0.000001
dataset_external/right/right_00147.jpg,right,1,right,1,yes,0.998741,0.001188,0.998741,0.000064,0.000007
dataset_external/right/right_00148.jpg,right,1,right,1,yes,0.999990,0.000004,0.999990,0.000006,0.000000
dataset_external/right/right_00149.jpg,right,1,right,1,yes,0.999934,0.000056,0.999934,0.000003,0.000007
dataset_external/right/right_00150.jpg,right,1,right,1,yes,0.999192,0.000408,0.999192,0.000083,0.000317
dataset_external/right/right_00151.jpg,right,1,right,1,yes,1.000000,0.000000,1.000000,0.000000,0.000000
dataset_external/right/right_00152.jpg,right,1,right,1,yes,0.999999,0.000000,0.999999,0.000001,0.000000
dataset_external/right/right_00153.jpg,right,1,right,1,yes,0.999997,0.000000,0.999997,0.000000,0.000003
dataset_external/right/right_00154.jpg,right,1,right,1,yes,0.999805,0.000119,0.999805,0.000074,0.000001
dataset_external/right/right_00155.jpg,right,1,right,1,yes,1.000000,0.000000,1.000000,0.000000,0.000000
dataset_external/right/right_00156.jpg,right,1,right,1,yes,0.999968,0.000025,0.999968,0.000006,0.000001
dataset_external/right/right_00157.jpg,right,1,right,1,yes,0.999990,0.000001,0.999990,0.000006,0.000003
dataset_external/right/right_00158.jpg,right,1,right,1,yes,0.968166,0.000083,0.968166,0.025429,0.006322
dataset_external/right/right_00159.jpg,right,1,right,1,yes,0.999992,0.000000,0.999992,0.000008,0.000000
dataset_external/right/right_00160.jpg,right,1,right,1,yes,0.998479,0.000346,0.998479,0.000536,0.000640
dataset_external/right/right_00161.jpg,right,1,right,1,yes,0.999975,0.000001,0.999975,0.000007,0.000018
dataset_external/right/right_00162.jpg,right,1,right,1,yes,0.999644,0.000000,0.999644,0.000355,0.000000
dataset_external/right/right_00163.jpg,right,1,right,1,yes,0.999989,0.000001,0.999989,0.000001,0.000009
dataset_external/right/right_00164.jpg,right,1,right,1,yes,0.999996,0.000001,0.999996,0.000003,0.000000
dataset_external/right/right_00165.jpg,right,1,right,1,yes,0.999847,0.000013,0.999847,0.000093,0.000046
dataset_external/right/right_00166.jpg,right,1,right,1,yes,0.999999,0.000000,0.999999,0.000001,0.000000
dataset_external/right/right_00167.jpg,right,1,right,1,yes,0.965496,0.000103,0.965496,0.034387,0.000013
dataset_external/right/right_00168.jpg,right,1,right,1,yes,0.999986,0.000004,0.999986,0.000002,0.000008
dataset_external/right/right_00169.jpg,right,1,right,1,yes,0.999124,0.000831,0.999124,0.000027,0.000019
dataset_external/right/right_00170.jpg,right,1,right,1,yes,0.994731,0.004474,0.994731,0.000718,0.000077
dataset_external/right/right_00171.jpg,right,1,right,1,yes,0.999992,0.000000,0.999992,0.000006,0.000001
dataset_external/right/right_00172.jpg,right,1,right,1,yes,0.999997,0.000002,0.999997,0.000000,0.000000
dataset_external/right/right_00173.jpg,right,1,right,1,yes,0.999998,0.000000,0.999998,0.000002,0.000001
dataset_external/right/right_00174.jpg,right,1,right,1,yes,0.999997,0.000001,0.999997,0.000001,0.000001
dataset_external/right/right_00175.jpg,right,1,right,1,yes,0.999985,0.000000,0.999985,0.000001,0.000014
dataset_external/right/right_00176.jpg,right,1,right,1,yes,0.999615,0.000007,0.999615,0.000337,0.000041
dataset_external/right/right_00177.jpg,right,1,right,1,yes,0.999721,0.000195,0.999721,0.000072,0.000013
dataset_external/right/right_00178.jpg,right,1,right,1,yes,0.999217,0.000001,0.999217,0.000781,0.000002
dataset_external/right/right_00179.jpg,right,1,right,1,yes,0.999915,0.000004,0.999915,0.000008,0.000074
dataset_external/right/right_00180.jpg,right,1,right,1,yes,1.000000,0.000000,1.000000,0.000000,0.000000
dataset_external/right/right_00181.jpg,right,1,right,1,yes,0.999419,0.000354,0.999419,0.000161,0.000066
dataset_external/right/right_00182.jpg,right,1,right,1,yes,0.999998,0.000000,0.999998,0.000002,0.000000
dataset_external/right/right_00183.jpg,right,1,right,1,yes,1.000000,0.000000,1.000000,0.000000,0.000000
dataset_external/right/right_00184.jpg,right,1,right,1,yes,0.999974,0.000008,0.999974,0.000017,0.000001
dataset_external/right/right_00185.jpg,right,1,right,1,yes,0.999988,0.000000,0.999988,0.000003,0.000009
dataset_external/right/right_00186.jpg,right,1,right,1,yes,0.999993,0.000004,0.999993,0.000003,0.000001
dataset_external/right/right_00187.jpg,right,1,right,1,yes,0.999996,0.000004,0.999996,0.000000,0.000000
dataset_external/right/right_00188.jpg,right,1,right,1,yes,0.962158,0.012100,0.962158,0.019198,0.006544
dataset_external/right/right_00189.jpg,right,1,right,1,yes,0.999610,0.000091,0.999610,0.000081,0.000219
dataset_external/right/right_00190.jpg,right,1,right,1,yes,0.998851,0.000261,0.998851,0.000878,0.000010
dataset_external/right/right_00191.jpg,right,1,right,1,yes,1.000000,0.000000,1.000000,0.000000,0.000000
dataset_external/right/right_00192.jpg,right,1,right,1,yes,0.999967,0.000029,0.999967,0.000003,0.000001
dataset_external/right/right_00193.jpg,right,1,right,1,yes,0.999285,0.000015,0.999285,0.000651,0.000049
dataset_external/right/right_00194.jpg,right,1,right,1,yes,0.999865,0.000001,0.999865,0.000102,0.000032
dataset_external/right/right_00195.jpg,right,1,right,1,yes,0.999925,0.000041,0.999925,0.000019,0.000016
dataset_external/right/right_00196.jpg,right,1,right,1,yes,0.999804,0.000018,0.999804,0.000175,0.000002
dataset_external/right/right_00197.jpg,right,1,right,1,yes,0.999977,0.000001,0.999977,0.000021,0.000001
dataset_external/right/right_00198.jpg,right,1,right,1,yes,0.999930,0.000003,0.999930,0.000065,0.000001
dataset_external/right/right_00199.jpg,right,1,right,1,yes,0.999998,0.000000,0.999998,0.000000,0.000001
dataset_external/right/right_00200.jpg,right,1,right,1,yes,1.000000,0.000000,1.000000,0.000000,0.000000
dataset_external/right/right_00201.jpg,right,1,right,1,yes,0.999992,0.000000,0.999992,0.000007,0.000000
dataset_external/right/right_00202.jpg,right,1,right,1,yes,0.999953,0.000036,0.999953,0.000011,0.000000
dataset_external/right/right_00203.jpg,right,1,right,1,yes,0.999970,0.000019,0.999970,0.000010,0.000000
dataset_external/right/right_00204.jpg,right,1,right,1,yes,0.999994,0.000003,0.999994,0.000001,0.000002
dataset_external/right/right_00205.jpg,right,1,right,1,yes,1.000000,0.000000,1.000000,0.000000,0.000000
dataset_external/right/right_00206.jpg,right,1,right,1,yes,0.999872,0.000002,0.999872,0.000067,0.000059
dataset_external/right/right_00207.jpg,right,1,right,1,yes,0.999996,0.000000,0.999996,0.000001,0.000003
dataset_external/right/right_00208.jpg,right,1,right,1,yes,0.999985,0.000000,0.999985,0.000015,0.000000
dataset_external/right/right_00209.jpg,right,1,right,1,yes,0.999991,0.000000,0.999991,0.000009,0.000000
dataset_external/right/right_00210.jpg,right,1,right,1,yes,0.999828,0.000108,0.999828,0.000059,0.000005
dataset_external/right/right_00211.jpg,right,1,right,1,yes,0.999269,0.000713,0.999269,0.000007,0.000010
dataset_external/right/right_00212.jpg,right,1,right,1,yes,0.999997,0.000001,0.999997,0.000002,0.000000
dataset_external/right/right_00213.jpg,right,1,right,1,yes,0.996771,0.000040,0.996771,0.003167,0.000023
dataset_external/right/right_00214.jpg,right,1,right,1,yes,0.999998,0.000000,0.999998,0.000002,0.000000
dataset_external/right/right_00215.jpg,right,1,right,1,yes,0.999828,0.000008,0.999828,0.000138,0.000026
dataset_external/right/right_00216.jpg,right,1,up,2,no,0.865223,0.000001,0.134346,0.865223,0.000431
dataset_external/right/right_00217.jpg,right,1,right,1,yes,0.956578,0.000099,0.956578,0.043155,0.000169
dataset_external/right/right_00218.jpg,right,1,right,1,yes,0.999993,0.000002,0.999993,0.000003,0.000002
dataset_external/right/right_00219.jpg,right,1,right,1,yes,0.999968,0.000000,0.999968,0.000032,0.000000
dataset_external/right/right_00220.jpg,right,1,right,1,yes,0.999918,0.000000,0.999918,0.000082,0.000000
dataset_external/right/right_00221.jpg,right,1,right,1,yes,0.999985,0.000003,0.999985,0.000001,0.000011
dataset_external/right/right_00222.jpg,right,1,right,1,yes,0.999302,0.000069,0.999302,0.000547,0.000082
dataset_external/right/right_00223.jpg,right,1,right,1,yes,0.999974,0.000025,0.999974,0.000000,0.000001
dataset_external/right/right_00224.jpg,right,1,right,1,yes,0.999998,0.000001,0.999998,0.000000,0.000000
dataset_external/right/right_00225.jpg,right,1,right,1,yes,0.999929,0.000040,0.999929,0.000029,0.000001
dataset_external/right/right_00226.jpg,right,1,right,1,yes,0.999997,0.000000,0.999997,0.000003,0.000000
dataset_external/right/right_00227.jpg,right,1,right,1,yes,0.999999,0.000000,0.999999,0.000000,0.000000
dataset_external/right/right_00228.jpg,right,1,right,1,yes,0.999998,0.000001,0.999998,0.000000,0.000000
dataset_external/right/right_00229.jpg,right,1,right,1,yes,0.999975,0.000002,0.999975,0.000022,0.000000
dataset_external/right/right_00230.jpg,right,1,right,1,yes,0.999820,0.000001,0.999820,0.000180,0.000000
dataset_external/right/right_00231.jpg,right,1,right,1,yes,0.999936,0.000031,0.999936,0.000008,0.000025
dataset_external/right/right_00232.jpg,right,1,right,1,yes,0.999833,0.000010,0.999833,0.000156,0.000001
dataset_external/right/right_00233.jpg,right,1,right,1,yes,0.988804,0.011151,0.988804,0.000013,0.000032
dataset_external/right/right_00234.jpg,right,1,right,1,yes,0.999746,0.000000,0.999746,0.000254,0.000001
dataset_external/right/right_00235.jpg,right,1,right,1,yes,1.000000,0.000000,1.000000,0.000000,0.000000
dataset_external/right/right_00236.jpg,right,1,right,1,yes,0.999990,0.000003,0.999990,0.000006,0.000002
dataset_external/right/right_00237.jpg,right,1,right,1,yes,0.999806,0.000001,0.999806,0.000194,0.000000
dataset_external/right/right_00238.jpg,right,1,right,1,yes,0.999999,0.000001,0.999999,0.000000,0.000000
dataset_external/right/right_00239.jpg,right,1,right,1,yes,0.999954,0.000003,0.999954,0.000026,0.000017
dataset_external/right/right_00240.jpg,right,1,right,1,yes,0.999997,0.000001,0.999997,0.000001,0.000000
dataset_external/right/right_00241.jpg,right,1,right,1,yes,0.999971,0.000018,0.999971,0.000004,0.000006
dataset_external/right/right_00242.jpg,right,1,right,1,yes,0.999997,0.000000,0.999997,0.000002,0.000000
dataset_external/right/right_00243.jpg,right,1,right,1,yes,0.999842,0.000009,0.999842,0.000074,0.000076
dataset_external/right/right_00244.jpg,right,1,right,1,yes,0.999019,0.000073,0.999019,0.000022,0.000887
dataset_external/right/right_00245.jpg,right,1,right,1,yes,0.996433,0.003065,0.996433,0.000037,0.000465
dataset_external/right/right_00246.jpg,right,1,right,1,yes,1.000000,0.000000,1.000000,0.000000,0.000000
dataset_external/right/right_00247.jpg,right,1,right,1,yes,0.999896,0.000044,0.999896,0.000018,0.000042
dataset_external/right/right_00248.jpg,right,1,right,1,yes,0.999974,0.000018,0.999974,0.000008,0.000000
dataset_external/right/right_00249.jpg,right,1,right,1,yes,0.999995,0.000001,0.999995,0.000004,0.000000
dataset_external/right/right_00250.jpg,right,1,right,1,yes,0.999996,0.000001,0.999996,0.000000,0.000002
dataset_external/right/right_00251.jpg,right,1,right,1,yes,0.999981,0.000002,0.999981,0.000002,0.000015
dataset_external/right/right_00252.jpg,right,1,right,1,yes,0.999240,0.000159,0.999240,0.000135,0.000466
dataset_external/right/right_00253.jpg,right,1,right,1,yes,0.999944,0.000002,0.999944,0.000029,0.000025
dataset_external/right/right_00254.jpg,right,1,right,1,yes,0.999952,0.000036,0.999952,0.000009,0.000002
dataset_external/right/right_00255.jpg,right,1,right,1,yes,0.999991,0.000003,0.999991,0.000005,0.000001
dataset_external/right/right_00256.jpg,right,1,right,1,yes,0.999997,0.000003,0.999997,0.000000,0.000000
dataset_external/right/right_00257.jpg,right,1,right,1,yes,1.000000,0.000000,1.000000,0.000000,0.000000
dataset_external/right/right_00258.jpg,right,1,right,1,yes,0.997935,0.001860,0.997935,0.000013,0.000192
dataset_external/right/right_00259.jpg,right,1,right,1,yes,0.999999,0.000000,0.999999,0.000000,0.000000
dataset_external/right/right_00260.jpg,right,1,right,1,yes,0.999939,0.000009,0.999939,0.000024,0.000027
dataset_external/right/right_00261.jpg,right,1,right,1,yes,0.999958,0.000001,0.999958,0.000039,0.000002
dataset_external/right/right_00262.jpg,right,1,right,1,yes,0.999999,0.000000,0.999999,0.000001,0.000000
dataset_external/right/right_00263.jpg,right,1,right,1,yes,0.999930,0.000039,0.999930,0.000022,0.000009
dataset_external/right/right_00264.jpg,right,1,right,1,yes,0.999690,0.000199,0.999690,0.000104,0.000007
dataset_external/right/right_00265.jpg,right,1,right,1,yes,0.998300,0.000358,0.998300,0.000516,0.000827
dataset_external/right/right_00266.jpg,right,1,right,1,yes,0.999385,0.000087,0.999385,0.000222,0.000306
dataset_external/right/right_00267.jpg,right,1,right,1,yes,0.999988,0.000002,0.999988,0.000009,0.000001
dataset_external/right/right_00268.jpg,right,1,right,1,yes,0.997777,0.002013,0.997777,0.000195,0.000015
dataset_external/right/right_00269.jpg,right,1,right,1,yes,0.999780,0.000029,0.999780,0.000003,0.000188
dataset_external/right/right_00270.jpg,right,1,right,1,yes,1.000000,0.000000,1.000000,0.000000,0.000000
dataset_external/right/right_00271.jpg,right,1,right,1,yes,0.999996,0.000004,0.999996,0.000000,0.000000
dataset_external/right/right_00272.jpg,right,1,right,1,yes,0.999985,0.000004,0.999985,0.000001,0.000010
dataset_external/right/right_00273.jpg,right,1,right,1,yes,0.996682,0.000037,0.996682,0.003280,0.000001
dataset_external/right/right_00274.jpg,right,1,right,1,yes,1.000000,0.000000,1.000000,0.000000,0.000000
dataset_external/right/right_00275.jpg,right,1,right,1,yes,0.964720,0.007796,0.964720,0.011361,0.016123
dataset_external/right/right_00276.jpg,right,1,right,1,yes,0.999746,0.000001,0.999746,0.000225,0.000028
dataset_external/right/right_00277.jpg,right,1,right,1,yes,0.999988,0.000002,0.999988,0.000003,0.000007
dataset_external/right/right_00278.jpg,right,1,right,1,yes,0.999299,0.000001,0.999299,0.000683,0.000017
dataset_external/right/right_00279.jpg,right,1,right,1,yes,0.975750,0.023979,0.975750,0.000079,0.000193
dataset_external/right/right_00280.jpg,right,1,right,1,yes,1.000000,0.000000,1.000000,0.000000,0.000000
dataset_external/right/right_00281.jpg,right,1,right,1,yes,0.983328,0.000111,0.983328,0.014867,0.001693
dataset_external/right/right_00282.jpg,right,1,right,1,yes,0.999973,0.000005,0.999973,0.000011,0.000011
dataset_external/right/right_00283.jpg,right,1,right,1,yes,0.998120,0.000254,0.998120,0.001271,0.000354
dataset_external/right/right_00284.jpg,right,1,right,1,yes,0.999972,0.000001,0.999972,0.000023,0.000004
dataset_external/right/right_00285.jpg,right,1,right,1,yes,0.999897,0.000008,0.999897,0.000093,0.000002
dataset_external/right/right_00286.jpg,right,1,right,1,yes,0.999168,0.000182,0.999168,0.000619,0.000032
dataset_external/right/right_00287.jpg,right,1,right,1,yes,1.000000,0.000000,1.000000,0.000000,0.000000
dataset_external/right/right_00288.jpg,right,1,right,1,yes,0.999992,0.000002,0.999992,0.000002,0.000004
dataset_external/right/right_00289.jpg,right,1,right,1,yes,0.996427,0.000273,0.996427,0.001560,0.001739
dataset_external/right/right_00290.jpg,right,1,right,1,yes,0.999999,0.000000,0.999999,0.000000,0.000000
dataset_external/right/right_00291.jpg,right,1,right,1,yes,0.989502,0.003880,0.989502,0.002740,0.003878
dataset_external/right/right_00292.jpg,right,1,right,1,yes,0.999999,0.000000,0.999999,0.000001,0.000000
dataset_external/right/right_00293.jpg,right,1,right,1,yes,0.999999,0.000001,0.999999,0.000000,0.000000
dataset_external/right/right_00294.jpg,right,1,right,1,yes,0.999881,0.000033,0.999881,0.000024,0.000063
dataset_external/right/right_00295.jpg,right,1,right,1,yes,0.999998,0.000000,0.999998,0.000001,0.000001
dataset_external/right/right_00296.jpg,right,1,right,1,yes,0.999999,0.000000,0.999999,0.000001,0.000000
dataset_external/right/right_00297.jpg,right,1,right,1,yes,0.977549,0.021332,0.977549,0.000847,0.000273
dataset_external/right/right_00298.jpg,right,1,right,1,yes,0.999930,0.000024,0.999930,0.000045,0.000001
dataset_external/right/right_00299.jpg,right,1,right,1,yes,0.991253,0.000082,0.991253,0.008488,0.000177
dataset_external/right/right_00300.jpg,right,1,right,1,yes,1.000000,0.000000,1.000000,0.000000,0.000000
dataset_external/right/right_00301.jpg,right,1,right,1,yes,1.000000,0.000000,1.000000,0.000000,0.000000
dataset_external/right/right_00302.jpg,right,1,right,1,yes,0.973982,0.000614,0.973982,0.021366,0.004039
dataset_external/right/right_00303.jpg,right,1,up,2,no,0.914867,0.000033,0.081658,0.914867,0.003442
dataset_external/right/right_00304.jpg,right,1,right,1,yes,0.999993,0.000001,0.999993,0.000005,0.000001
dataset_external/right/right_00305.jpg,right,1,right,1,yes,1.000000,0.000000,1.000000,0.000000,0.000000
dataset_external/right/right_00306.jpg,right,1,right,1,yes,0.997527,0.000615,0.997527,0.000909,0.000949
dataset_external/right/right_00307.jpg,right,1,right,1,yes,0.999993,0.000004,0.999993,0.000000,0.000002
dataset_external/right/right_00308.jpg,right,1,right,1,yes,0.999968,0.000001,0.999968,0.000031,0.000000
dataset_external/right/right_00309.jpg,right,1,right,1,yes,0.999994,0.000001,0.999994,0.000004,0.000000
dataset_external/right/right_00310.jpg,right,1,right,1,yes,0.999995,0.000000,0.999995,0.000005,0.000000
dataset_external/right/right_00311.jpg,right,1,right,1,yes,0.998091,0.000000,0.998091,0.001908,0.000000
dataset_external/right/right_00312.jpg,right,1,right,1,yes,0.999946,0.000001,0.999946,0.000050,0.000002
dataset_external/right/right_00313.jpg,right,1,right,1,yes,0.995566,0.000245,0.995566,0.000681,0.003509
dataset_external/right/right_00314.jpg,right,1,right,1,yes,0.994950,0.002649,0.994950,0.001755,0.000646
dataset_external/right/right_00315.jpg,right,1,right,1,yes,0.998800,0.000731,0.998800,0.000197,0.000272
dataset_external/right/right_00316.jpg,right,1,right,1,yes,0.999890,0.000003,0.999890,0.000014,0.000094
dataset_external/right/right_00317.jpg,right,1,right,1,yes,0.999999,0.000000,0.999999,0.000001,0.000000
dataset_external/right/right_00318.jpg,right,1,right,1,yes,1.000000,0.000000,1.000000,0.000000,0.000000
dataset_external/right/right_00319.jpg,right,1,right,1,yes,1.000000,0.000000,1.000000,0.000000,0.000000
dataset_external/right/right_00320.jpg,right,1,right,1,yes,0.999997,0.000002,0.999997,0.000001,0.000001
dataset_external/right/right_00321.jpg,right,1,right,1,yes,0.999929,0.000001,0.999929,0.000068,0.000001
dataset_external/right/right_00322.jpg,right,1,right,1,yes,0.999999,0.000000,0.999999,0.000001,0.000000
dataset_external/right/right_00323.jpg,right,1,right,1,yes,0.999773,0.000011,0.999773,0.000211,0.000005
dataset_external/right/right_00324.jpg,right,1,right,1,yes,0.998008,0.000833,0.998008,0.001089,0.000069
dataset_external/right/right_00325.jpg,right,1,right,1,yes,0.999995,0.000002,0.999995,0.000001,0.000003
dataset_external/right/right_00326.jpg,right,1,right,1,yes,0.999077,0.000007,0.999077,0.000891,0.000025
dataset_external/right/right_00327.jpg,right,1,right,1,yes,0.999987,0.000012,0.999987,0.000000,0.000001
dataset_external/right/right_00328.jpg,right,1,right,1,yes,0.994577,0.000143,0.994577,0.005275,0.000005
dataset_external/right/right_00329.jpg,right,1,right,1,yes,0.999965,0.000013,0.999965,0.000019,0.000003
dataset_external/right/right_00330.jpg,right,1,right,1,yes,0.525669,0.000167,0.525669,0.473871,0.000293
dataset_external/right/right_00331.jpg,right,1,right,1,yes,0.999646,0.000001,0.999646,0.000353,0.000000
dataset_external/right/right_00332.jpg,right,1,right,1,yes,0.999839,0.000002,0.999839,0.000159,0.000001
dataset_external/right/right_00333.jpg,right,1,right,1,yes,1.000000,0.000000,1.000000,0.000000,0.000000
dataset_external/right/right_00334.jpg,right,1,right,1,yes,0.994522,0.001474,0.994522,0.003913,0.000091
dataset_external/right/right_00335.jpg,right,1,right,1,yes,1.000000,0.000000,1.000000,0.000000,0.000000
dataset_external/right/right_00336.jpg,right,1,right,1,yes,0.999998,0.000000,0.999998,0.000000,0.000001
dataset_external/right/right_00337.jpg,right,1,right,1,yes,0.996622,0.000003,0.996622,0.003372,0.000003
dataset_external/right/right_00338.jpg,right,1,right,1,yes,0.999986,0.000010,0.999986,0.000001,0.000003
dataset_external/right/right_00339.jpg,right,1,right,1,yes,0.999989,0.000004,0.999989,0.000007,0.000000
dataset_external/right/right_00340.jpg,right,1,right,1,yes,0.999982,0.000013,0.999982,0.000002,0.000003
dataset_external/right/right_00341.jpg,right,1,right,1,yes,0.999986,0.000008,0.999986,0.000005,0.000001
dataset_external/right/right_00342.jpg,right,1,right,1,yes,0.999981,0.000012,0.999981,0.000002,0.000005
dataset_external/right/right_00343.jpg,right,1,right,1,yes,0.999897,0.000096,0.999897,0.000005,0.000002
dataset_external/right/right_00344.jpg,right,1,right,1,yes,1.000000,0.000000,1.000000,0.000000,0.000000
dataset_external/right/right_00345.jpg,right,1,right,1,yes,0.999939,0.000000,0.999939,0.000060,0.000000
dataset_external/right/right_00346.jpg,right,1,right,1,yes,0.999065,0.000650,0.999065,0.000242,0.000042
dataset_external/right/right_00347.jpg,right,1,right,1,yes,0.999997,0.000000,0.999997,0.000003,0.000000
dataset_external/right/right_00348.jpg,right,1,right,1,yes,0.999998,0.000001,0.999998,0.000001,0.000000
dataset_external/right/right_00349.jpg,right,1,right,1,yes,0.999991,0.000001,0.999991,0.000001,0.000007
dataset_external/right/right_00350.jpg,right,1,right,1,yes,0.999761,0.000089,0.999761,0.000032,0.000118
dataset_external/right/right_00351.jpg,right,1,right,1,yes,0.999194,0.000384,0.999194,0.000299,0.000124
dataset_external/right/right_00352.jpg,right,1,right,1,yes,0.999999,0.000000,0.999999,0.000000,0.000000
dataset_external/right/right_00353.jpg,right,1,right,1,yes,0.983850,0.002557,0.983850,0.010504,0.003089
dataset_external/right/right_00354.jpg,right,1,right,1,yes,0.999947,0.000053,0.999947,0.000000,0.000000
dataset_external/right/right_00355.jpg,right,1,right,1,yes,0.996472,0.000004,0.996472,0.003474,0.000049
dataset_external/right/right_00356.jpg,right,1,right,1,yes,0.999950,0.000044,0.999950,0.000000,0.000006
dataset_external/right/right_00357.jpg,right,1,right,1,yes,0.998204,0.001497,0.998204,0.000188,0.000111
dataset_external/right/right_00358.jpg,right,1,right,1,yes,1.000000,0.000000,1.000000,0.000000,0.000000
dataset_external/right/right_00359.jpg,right,1,right,1,yes,1.000000,0.000000,1.000000,0.000000,0.000000
dataset_external/right/right_00360.jpg,right,1,right,1,yes,0.999995,0.000000,0.999995,0.000002,0.000002
dataset_external/right/right_00361.jpg,right,1,right,1,yes,0.999989,0.000000,0.999989,0.000010,0.000001
dataset_external/right/right_00362.jpg,right,1,right,1,yes,0.999966,0.000012,0.999966,0.000016,0.000006
dataset_external/right/right_00363.jpg,right,1,right,1,yes,0.999932,0.000001,0.999932,0.000030,0.000037
dataset_external/right/right_00364.jpg,right,1,right,1,yes,0.999996,0.000004,0.999996,0.000000,0.000000
dataset_external/right/right_00365.jpg,right,1,right,1,yes,0.999998,0.000000,0.999998,0.000000,0.000002
dataset_external/right/right_00366.jpg,right,1,right,1,yes,0.999934,0.000005,0.999934,0.000032,0.000029
dataset_external/right/right_00367.jpg,right,1,right,1,yes,0.987455,0.000052,0.987455,0.000336,0.012158
dataset_external/right/right_00368.jpg,right,1,right,1,yes,0.995496,0.004493,0.995496,0.000007,0.000005
dataset_external/right/right_00369.jpg,right,1,right,1,yes,0.999983,0.000001,0.999983,0.000015,0.000001
dataset_external/right/right_00370.jpg,right,1,right,1,yes,0.999860,0.000011,0.999860,0.000103,0.000027
dataset_external/right/right_00371.jpg,right,1,right,1,yes,1.000000,0.000000,1.000000,0.000000,0.000000
dataset_external/right/right_00372.jpg,right,1,right,1,yes,1.000000,0.000000,1.000000,0.000000,0.000000
dataset_external/right/right_00373.jpg,right,1,right,1,yes,0.972747,0.001298,0.972747,0.025643,0.000311
dataset_external/right/right_00374.jpg,right,1,right,1,yes,1.000000,0.000000,1.000000,0.000000,0.000000
dataset_external/right/right_00375.jpg,right,1,right,1,yes,0.997994,0.000975,0.997994,0.000197,0.000833
dataset_external/right/right_00376.jpg,right,1,right,1,yes,0.999995,0.000004,0.999995,0.000001,0.000000
dataset_external/right/right_00377.jpg,right,1,right,1,yes,0.999868,0.000123,0.999868,0.000005,0.000003
dataset_external/right/right_00378.jpg,right,1,right,1,yes,0.998935,0.000315,0.998935,0.000091,0.000659
dataset_external/right/right_00379.jpg,right,1,right,1,yes,0.999983,0.000000,0.999983,0.000017,0.000000
dataset_external/right/right_00380.jpg,right,1,right,1,yes,1.000000,0.000000,1.000000,0.000000,0.000000
dataset_external/right/right_00381.jpg,right,1,right,1,yes,0.999719,0.000231,0.999719,0.000045,0.000004
dataset_external/right/right_00382.jpg,right,1,right,1,yes,0.999704,0.000237,0.999704,0.000010,0.000050
dataset_external/right/right_00383.jpg,right,1,right,1,yes,0.999989,0.000000,0.999989,0.000011,0.000000
dataset_external/right/right_00384.jpg,right,1,right,1,yes,0.999933,0.000006,0.999933,0.000057,0.000003
dataset_external/right/right_00385.jpg,right,1,right,1,yes,0.999995,0.000003,0.999995,0.000000,0.000001
dataset_external/right/right_00386.jpg,right,1,right,1,yes,0.999858,0.000000,0.999858,0.000140,0.000002
dataset_external/right/right_00387.jpg,right,1,right,1,yes,1.000000,0.000000,1.000000,0.000000,0.000000
dataset_external/right/right_00388.jpg,right,1,right,1,yes,0.999992,0.000001,0.999992,0.000003,0.000004
dataset_external/right/right_00389.jpg,right,1,right,1,yes,0.999829,0.000162,0.999829,0.000008,0.000001
dataset_external/right/right_00390.jpg,right,1,right,1,yes,0.999842,0.000014,0.999842,0.000097,0.000048
dataset_external/right/right_00391.jpg,right,1,right,1,yes,1.000000,0.000000,1.000000,0.000000,0.000000
dataset_external/right/right_00392.jpg,right,1,right,1,yes,0.999916,0.000083,0.999916,0.000000,0.000000
dataset_external/right/right_00393.jpg,right,1,right,1,yes,0.999994,0.000000,0.999994,0.000001,0.000005
dataset_external/right/right_00394.jpg,right,1,right,1,yes,0.999995,0.000000,0.999995,0.000000,0.000005
dataset_external/right/right_00395.jpg,right,1,right,1,yes,0.994793,0.000469,0.994793,0.003234,0.001503
dataset_external/right/right_00396.jpg,right,1,right,1,yes,0.999999,0.000001,0.999999,0.000001,0.000000
dataset_external/right/right_00397.jpg,right,1,right,1,yes,0.999921,0.000003,0.999921,0.000030,0.000047
dataset_external/right/right_00398.jpg,right,1,right,1,yes,0.999996,0.000000,0.999996,0.000004,0.000000
dataset_external/right/right_00399.jpg,right,1,right,1,yes,1.000000,0.000000,1.000000,0.000000,0.000000
dataset_external/right/right_00400.jpg,right,1,right,1,yes,0.999998,0.000001,0.999998,0.000001,0.000000
dataset_external/right/right_00401.jpg,right,1,right,1,yes,0.999997,0.000001,0.999997,0.000000,0.000003
dataset_external/right/right_00402.jpg,right,1,right,1,yes,0.999947,0.000007,0.999947,0.000005,0.000041
dataset_external/right/right_00403.jpg,right,1,right,1,yes,0.998676,0.000018,0.998676,0.001152,0.000153
dataset_external/right/right_00404.jpg,right,1,right,1,yes,0.999972,0.000002,0.999972,0.000020,0.000006
dataset_external/right/right_00405.jpg,right,1,right,1,yes,0.999925,0.000006,0.999925,0.000054,0.000015
dataset_external/right/right_00406.jpg,right,1,right,1,yes,0.999961,0.000007,0.999961,0.000032,0.000000
dataset_external/right/right_00407.jpg,right,1,right,1,yes,0.999989,0.000001,0.999989,0.000006,0.000004
dataset_external/right/right_00408.jpg,right,1,right,1,yes,0.999749,0.000123,0.999749,0.000127,0.000001
dataset_external/right/right_00409.jpg,right,1,right,1,yes,0.999922,0.000032,0.999922,0.000031,0.000016
dataset_external/right/right_00410.jpg,right,1,right,1,yes,0.997442,0.001200,0.997442,0.001117,0.000241
dataset_external/right/right_00411.jpg,right,1,right,1,yes,0.786482,0.210521,0.786482,0.001594,0.001404
dataset_external/right/right_00412.jpg,right,1,right,1,yes,0.999989,0.000010,0.999989,0.000001,0.000001
dataset_external/right/right_00413.jpg,right,1,right,1,yes,0.999983,0.000000,0.999983,0.000017,0.000001
dataset_external/right/right_00414.jpg,right,1,right,1,yes,0.999975,0.000000,0.999975,0.000025,0.000000
dataset_external/right/right_00415.jpg,right,1,right,1,yes,0.998034,0.000034,0.998034,0.001888,0.000043
dataset_external/right/right_00416.jpg,right,1,right,1,yes,0.998400,0.001566,0.998400,0.000008,0.000026
dataset_external/right/right_00417.jpg,right,1,right,1,yes,0.999992,0.000008,0.999992,0.000000,0.000000
dataset_external/right/right_00418.jpg,right,1,right,1,yes,0.999976,0.000022,0.999976,0.000003,0.000000
dataset_external/right/right_00419.jpg,right,1,right,1,yes,0.999699,0.000007,0.999699,0.000278,0.000015
dataset_external/right/right_00420.jpg,right,1,right,1,yes,0.999985,0.000001,0.999985,0.000001,0.000013
dataset_external/right/right_00421.jpg,right,1,right,1,yes,0.999999,0.000001,0.999999,0.000000,0.000000
dataset_external/right/right_00422.jpg,right,1,right,1,yes,0.999811,0.000137,0.999811,0.000028,0.000024
dataset_external/right/right_00423.jpg,right,1,right,1,yes,0.999993,0.000001,0.999993,0.000005,0.000001
dataset_external/right/right_00424.jpg,right,1,right,1,yes,0.999997,0.000000,0.999997,0.000002,0.000001
dataset_external/right/right_00425.jpg,right,1,right,1,yes,0.999995,0.000001,0.999995,0.000000,0.000004
dataset_external/right/right_00426.jpg,right,1,right,1,yes,0.931793,0.067762,0.931793,0.000169,0.000275
dataset_external/right/right_00427.jpg,right,1,right,1,yes,1.000000,0.000000,1.000000,0.000000,0.000000
dataset_external/right/right_00428.jpg,right,1,right,1,yes,0.999997,0.000000,0.999997,0.000001,0.000002
dataset_external/right/right_00429.jpg,right,1,right,1,yes,0.999999,0.000000,0.999999,0.000000,0.000000
dataset_external/right/right_00430.jpg,right,1,right,1,yes,0.999999,0.000000,0.999999,0.000001,0.000000
dataset_external/right/right_00431.jpg,right,1,right,1,yes,0.992578,0.002378,0.992578,0.000008,0.005036
dataset_external/right/right_00432.jpg,right,1,right,1,yes,1.000000,0.000000,1.000000,0.000000,0.000000
dataset_external/right/right_00433.jpg,right,1,right,1,yes,1.000000,0.000000,1.000000,0.000000,0.000000
dataset_external/right/right_00434.jpg,right,1,right,1,yes,0.999999,0.000000,0.999999,0.000001,0.000000
dataset_external/right/right_00435.jpg,right,1,right,1,yes,0.999953,0.000004,0.999953,0.000012,0.000031
dataset_external/right/right_00436.jpg,right,1,right,1,yes,0.999973,0.000010,0.999973,0.000003,0.000015
dataset_external/right/right_00437.jpg,right,1,right,1,yes,0.999999,0.000000,0.999999,0.000001,0.000000
dataset_external/right/right_00438.jpg,right,1,right,1,yes,0.999859,0.000000,0.999859,0.000141,0.000000
dataset_external/right/right_00439.jpg,right,1,right,1,yes,0.998060,0.000139,0.998060,0.001309,0.000492
dataset_external/right/right_00440.jpg,right,1,right,1,yes,0.999990,0.000002,0.999990,0.000004,0.000004
dataset_external/right/right_00441.jpg,right,1,right,1,yes,0.999655,0.000192,0.999655,0.000050,0.000103
dataset_external/right/right_00442.jpg,right,1,right,1,yes,0.998355,0.000708,0.998355,0.000904,0.000032
dataset_external/right/right_00443.jpg,right,1,right,1,yes,0.999422,0.000053,0.999422,0.000188,0.000337
dataset_external/right/right_00444.jpg,right,1,right,1,yes,0.999804,0.000068,0.999804,0.000109,0.000019
dataset_external/right/right_00445.jpg,right,1,right,1,yes,1.000000,0.000000,1.000000,0.000000,0.000000
dataset_external/right/right_00446.jpg,right,1,right,1,yes,0.892272,0.044389,0.892272,0.057749,0.005590
dataset_external/right/right_00447.jpg,right,1,right,1,yes,0.999998,0.000000,0.999998,0.000002,0.000000
dataset_external/right/right_00448.jpg,right,1,right,1,yes,0.998419,0.000125,0.998419,0.001213,0.000243
dataset_external/right/right_00449.jpg,right,1,right,1,yes,0.999993,0.000000,0.999993,0.000003,0.000004
dataset_external/right/right_00450.jpg,right,1,right,1,yes,0.999407,0.000426,0.999407,0.000036,0.000131
dataset_external/right/right_00451.jpg,right,1,right,1,yes,0.999990,0.000005,0.999990,0.000004,0.000001
dataset_external/right/right_00452.jpg,right,1,right,1,yes,0.999931,0.000013,0.999931,0.000033,0.000023
dataset_external/right/right_00453.jpg,right,1,right,1,yes,0.999641,0.000078,0.999641,0.000269,0.000012
dataset_external/right/right_00454.jpg,right,1,right,1,yes,0.999873,0.000124,0.999873,0.000002,0.000001
dataset_external/right/right_00455.jpg,right,1,right,1,yes,1.000000,0.000000,1.000000,0.000000,0.000000
dataset_external/right/right_00456.jpg,right,1,right,1,yes,0.999832,0.000137,0.999832,0.000018,0.000014
dataset_external/right/right_00457.jpg,right,1,right,1,yes,0.999987,0.000010,0.999987,0.000001,0.000002
dataset_external/right/right_00458.jpg,right,1,right,1,yes,0.999720,0.000165,0.999720,0.000103,0.000013
dataset_external/right/right_00459.jpg,right,1,right,1,yes,0.999999,0.000001,0.999999,0.000000,0.000000
dataset_external/right/right_00460.jpg,right,1,right,1,yes,0.912981,0.002135,0.912981,0.071692,0.013192
dataset_external/right/right_00461.jpg,right,1,right,1,yes,0.998715,0.000792,0.998715,0.000295,0.000199
dataset_external/right/right_00462.jpg,right,1,right,1,yes,0.985693,0.014001,0.985693,0.000045,0.000260
dataset_external/right/right_00463.jpg,right,1,right,1,yes,0.999940,0.000002,0.999940,0.000052,0.000005
dataset_external/right/right_00464.jpg,right,1,right,1,yes,0.999998,0.000000,0.999998,0.000001,0.000000
dataset_external/right/right_00465.jpg,right,1,right,1,yes,1.000000,0.000000,1.000000,0.000000,0.000000
dataset_external/right/right_00466.jpg,right,1,right,1,yes,0.999970,0.000009,0.999970,0.000020,0.000001
dataset_external/right/right_00467.jpg,right,1,right,1,yes,1.000000,0.000000,1.000000,0.000000,0.000000
dataset_external/right/right_00468.jpg,right,1,right,1,yes,0.999913,0.000042,0.999913,0.000043,0.000002
dataset_external/right/right_00469.jpg,right,1,right,1,yes,0.999641,0.000325,0.999641,0.000016,0.000018
dataset_external/right/right_00470.jpg,right,1,right,1,yes,0.999994,0.000000,0.999994,0.000003,0.000002
dataset_external/right/right_00471.jpg,right,1,right,1,yes,0.999990,0.000002,0.999990,0.000005,0.000002
dataset_external/right/right_00472.jpg,right,1,right,1,yes,0.999992,0.000008,0.999992,0.000000,0.000000
dataset_external/right/right_00473.jpg,right,1,right,1,yes,0.999940,0.000025,0.999940,0.000005,0.000030
dataset_external/right/right_00474.jpg,right,1,right,1,yes,0.999861,0.000000,0.999861,0.000138,0.000000
dataset_external/right/right_00475.jpg,right,1,right,1,yes,1.000000,0.000000,1.000000,0.000000,0.000000
dataset_external/right/right_00476.jpg,right,1,right,1,yes,0.999978,0.000013,0.999978,0.000004,0.000004
dataset_external/right/right_00477.jpg,right,1,right,1,yes,0.999976,0.000023,0.999976,0.000000,0.000000
dataset_external/right/right_00478.jpg,right,1,right,1,yes,0.999998,0.000000,0.999998,0.000002,0.000000
dataset_external/right/right_00479.jpg,right,1,right,1,yes,0.999998,0.000000,0.999998,0.000000,0.000001
dataset_external/right/right_00480.jpg,right,1,right,1,yes,0.999966,0.000010,0.999966,0.000005,0.000020
dataset_external/right/right_00481.jpg,right,1,right,1,yes,0.998059,0.000249,0.998059,0.000673,0.001018
dataset_external/right/right_00482.jpg,right,1,right,1,yes,0.999908,0.000076,0.999908,0.000009,0.000006
dataset_external/right/right_00483.jpg,right,1,right,1,yes,0.999989,0.000001,0.999989,0.000010,0.000000
dataset_external/right/right_00484.jpg,right,1,right,1,yes,0.999476,0.000023,0.999476,0.000497,0.000004
dataset_external/right/right_00485.jpg,right,1,right,1,yes,0.999962,0.000007,0.999962,0.000030,0.000001
dataset_external/right/right_00486.jpg,right,1,right,1,yes,0.716660,0.002000,0.716660,0.281199,0.000141
dataset_external/right/right_00487.jpg,right,1,right,1,yes,1.000000,0.000000,1.000000,0.000000,0.000000
dataset_external/right/right_00488.jpg,right,1,right,1,yes,0.999997,0.000000,0.999997,0.000003,0.000001
dataset_external/right/right_00489.jpg,right,1,right,1,yes,0.999634,0.000105,0.999634,0.000063,0.000197
dataset_external/right/right_00490.jpg,right,1,right,1,yes,0.999980,0.000011,0.999980,0.000008,0.000001
dataset_external/right/right_00491.jpg,right,1,right,1,yes,0.999956,0.000012,0.999956,0.000030,0.000002
dataset_external/right/right_00492.jpg,right,1,right,1,yes,0.999476,0.000019,0.999476,0.000477,0.000028
dataset_external/right/right_00493.jpg,right,1,right,1,yes,0.999964,0.000013,0.999964,0.000000,0.000023
dataset_external/right/right_00494.jpg,right,1,right,1,yes,1.000000,0.000000,1.000000,0.000000,0.000000
dataset_external/right/right_00495.jpg,right,1,right,1,yes,0.999342,0.000643,0.999342,0.000003,0.000013
dataset_external/right/right_00496.jpg,right,1,right,1,yes,0.999967,0.000002,0.999967,0.000031,0.000000
dataset_external/right/right_00497.jpg,right,1,right,1,yes,1.000000,0.000000,1.000000,0.000000,0.000000
dataset_external/right/right_00498.jpg,right,1,right,1,yes,0.999997,0.000001,0.999997,0.000001,0.000000
dataset_external/right/right_00499.jpg,right,1,right,1,yes,0.999947,0.000022,0.999947,0.000008,0.000023
dataset_external/up/up_00000.jpg,up,2,up,2,yes,0.999999,0.000000,0.000001,0.999999,0.000000
dataset_external/up/up_00001.jpg,up,2,up,2,yes,0.999988,0.000000,0.000001,0.999988,0.000012
dataset_external/up/up_00002.jpg,up,2,up,2,yes,0.997868,0.000019,0.002098,0.997868,0.000015
dataset_external/up/up_00003.jpg,up,2,up,2,yes,0.977297,0.016538,0.004825,0.977297,0.001340
dataset_external/up/up_00004.jpg,up,2,up,2,yes,0.999350,0.000001,0.000017,0.999350,0.000632
dataset_external/up/up_00005.jpg,up,2,up,2,yes,0.999585,0.000003,0.000357,0.999585,0.000056
dataset_external/up/up_00006.jpg,up,2,up,2,yes,0.999999,0.000000,0.000000,0.999999,0.000001
dataset_external/up/up_00007.jpg,up,2,up,2,yes,0.999967,0.000000,0.000000,0.999967,0.000033
dataset_external/up/up_00008.jpg,up,2,up,2,yes,0.999362,0.000000,0.000638,0.999362,0.000000
dataset_external/up/up_00009.jpg,up,2,up,2,yes,0.999993,0.000000,0.000000,0.999993,0.000007
dataset_external/up/up_00010.jpg,up,2,up,2,yes,0.999432,0.000002,0.000131,0.999432,0.000434
dataset_external/up/up_00011.jpg,up,2,up,2,yes,0.999975,0.000001,0.000000,0.999975,0.000023
dataset_external/up/up_00012.jpg,up,2,up,2,yes,0.999643,0.000000,0.000357,0.999643,0.000000
dataset_external/up/up_00013.jpg,up,2,up,2,yes,0.999745,0.000142,0.000086,0.999745,0.000027
dataset_external/up/up_00014.jpg,up,2,up,2,yes,0.914055,0.009385,0.073917,0.914055,0.002643
dataset_external/up/up_00015.jpg,up,2,up,2,yes,0.999929,0.000003,0.000063,0.999929,0.000006
dataset_external/up/up_00016.jpg,up,2,up,2,yes,0.999996,0.000000,0.000004,0.999996,0.000000
dataset_external/up/up_00017.jpg,up,2,up,2,yes,0.999663,0.000003,0.000318,0.999663,0.000015
dataset_external/up/up_00018.jpg,up,2,up,2,yes,0.999447,0.000001,0.000523,0.999447,0.000029
dataset_external/up/up_00019.jpg,up,2,up,2,yes,0.999993,0.000000,0.000001,0.999993,0.000006
dataset_external/up/up_00020.jpg,up,2,up,2,yes,0.999999,0.000001,0.000000,0.999999,0.000000
dataset_external/up/up_00021.jpg,up,2,up,2,yes,0.999983,0.000010,0.000006,0.999983,0.000001
dataset_external/up/up_00022.jpg,up,2,up,2,yes,0.999997,0.000003,0.000000,0.999997,0.000000
dataset_external/up/up_00023.jpg,up,2,up,2,yes,0.998046,0.000047,0.000226,0.998046,0.001682
dataset_external/up/up_00024.jpg,up,2,up,2,yes,0.994114,0.000562,0.001228,0.994114,0.004096
dataset_external/up/up_00025.jpg,up,2,up,2,yes,0.999992,0.000000,0.000007,0.999992,0.000000
dataset_external/up/up_00026.jpg,up,2,up,2,yes,0.999999,0.000000,0.000001,0.999999,0.000000
dataset_external/up/up_00027.jpg,up,2,up,2,yes,1.000000,0.000000,0.000000,1.000000,0.000000
dataset_external/up/up_00028.jpg,up,2,up,2,yes,0.999997,0.000000,0.000000,0.999997,0.000003
dataset_external/up/up_00029.jpg,up,2,up,2,yes,0.999985,0.000000,0.000004,0.999985,0.000011
dataset_external/up/up_00030.jpg,up,2,up,2,yes,0.991012,0.000683,0.008301,0.991012,0.000003
dataset_external/up/up_00031.jpg,up,2,up,2,yes,1.000000,0.000000,0.000000,1.000000,0.000000
dataset_external/up/up_00032.jpg,up,2,up,2,yes,0.999930,0.000000,0.000000,0.999930,0.000070
dataset_external/up/up_00033.jpg,up,2,up,2,yes,0.999996,0.000000,0.000002,0.999996,0.000002
dataset_external/up/up_00034.jpg,up,2,up,2,yes,1.000000,0.000000,0.000000,1.000000,0.000000
dataset_external/up/up_00035.jpg,up,2,up,2,yes,0.999586,0.000315,0.000061,0.999586,0.000038
dataset_external/up/up_00036.jpg,up,2,up,2,yes,0.999998,0.000000,0.000002,0.999998,0.000000
dataset_external/up/up_00037.jpg,up,2,up,2,yes,0.984861,0.005546,0.004966,0.984861,0.004626
dataset_external/up/up_00038.jpg,up,2,up,2,yes,0.999959,0.000018,0.000000,0.999959,0.000023
dataset_external/up/up_00039.jpg,up,2,up,2,yes,0.999986,0.000008,0.000002,0.999986,0.000004
dataset_external/up/up_00040.jpg,up,2,up,2,yes,1.000000,0.000000,0.000000,1.000000,0.000000
dataset_external/up/up_00041.jpg,up,2,down,3,no,0.611927,0.000111,0.001443,0.386519,0.611927
dataset_external/up/up_00042.jpg,up,2,up,2,yes,0.999830,0.000001,0.000164,0.999830,0.000005
dataset_external/up/up_00043.jpg,up,2,up,2,yes,0.999993,0.000002,0.000005,0.999993,0.000000
dataset_external/up/up_00044.jpg,up,2,up,2,yes,0.999836,0.000005,0.000019,0.999836,0.000139
dataset_external/up/up_00045.jpg,up,2,up,2,yes,0.999998,0.000000,0.000000,0.999998,0.000002
dataset_external/up/up_00046.jpg,up,2,up,2,yes,0.999995,0.000000,0.000004,0.999995,0.000001
dataset_external/up/up_00047.jpg,up,2,up,2,yes,1.000000,0.000000,0.000000,1.000000,0.000000
dataset_external/up/up_00048.jpg,up,2,up,2,yes,0.999985,0.000001,0.000006,0.999985,0.000008
dataset_external/up/up_00049.jpg,up,2,up,2,yes,0.999995,0.000000,0.000001,0.999995,0.000004
dataset_external/up/up_00050.jpg,up,2,up,2,yes,0.999984,0.000009,0.000002,0.999984,0.000005
dataset_external/up/up_00051.jpg,up,2,up,2,yes,0.999863,0.000001,0.000135,0.999863,0.000001
dataset_external/up/up_00052.jpg,up,2,up,2,yes,0.999971,0.000014,0.000005,0.999971,0.000010
dataset_external/up/up_00053.jpg,up,2,up,2,yes,0.999999,0.000000,0.000000,0.999999,0.000001
dataset_external/up/up_00054.jpg,up,2,up,2,yes,1.000000,0.000000,0.000000,1.000000,0.000000
dataset_external/up/up_00055.jpg,up,2,up,2,yes,1.000000,0.000000,0.000000,1.000000,0.000000
dataset_external/up/up_00056.jpg,up,2,up,2,yes,0.999717,0.000012,0.000183,0.999717,0.000088
dataset_external/up/up_00057.jpg,up,2,up,2,yes,0.999908,0.000000,0.000092,0.999908,0.000000
dataset_external/up/up_00058.jpg,up,2,up,2,yes,0.999990,0.000003,0.000005,0.999990,0.000002
dataset_external/up/up_00059.jpg,up,2,up,2,yes,0.999471,0.000006,0.000450,0.999471,0.000073
dataset_external/up/up_00060.jpg,up,2,up,2,yes,1.000000,0.000000,0.000000,1.000000,0.000000
dataset_external/up/up_00061.jpg,up,2,up,2,yes,1.000000,0.000000,0.000000,1.000000,0.000000
dataset_external/up/up_00062.jpg,up,2,up,2,yes,0.999907,0.000023,0.000001,0.999907,0.000069
dataset_external/up/up_00063.jpg,up,2,up,2,yes,0.999998,0.000000,0.000000,0.999998,0.000002
dataset_external/up/up_00064.jpg,up,2,up,2,yes,0.999997,0.000001,0.000001,0.999997,0.000001
dataset_external/up/up_00065.jpg,up,2,up,2,yes,0.995601,0.000001,0.000012,0.995601,0.004387
dataset_external/up/up_00066.jpg,up,2,up,2,yes,0.999945,0.000009,0.000009,0.999945,0.000037
dataset_external/up/up_00067.jpg,up,2,up,2,yes,1.000000,0.000000,0.000000,1.000000,0.000000
dataset_external/up/up_00068.jpg,up,2,up,2,yes,0.995055,0.001107,0.000005,0.995055,0.003834
dataset_external/up/up_00069.jpg,up,2,up,2,yes,0.999977,0.000001,0.000023,0.999977,0.000000
dataset_external/up/up_00070.jpg,up,2,up,2,yes,0.999392,0.000024,0.000062,0.999392,0.000523
dataset_external/up/up_00071.jpg,up,2,up,2,yes,0.999954,0.000002,0.000001,0.999954,0.000044
dataset_external/up/up_00072.jpg,up,2,up,2,yes,0.999945,0.000000,0.000050,0.999945,0.000005
dataset_external/up/up_00073.jpg,up,2,up,2,yes,0.999485,0.000025,0.000084,0.999485,0.000407
dataset_external/up/up_00074.jpg,up,2,up,2,yes,0.988346,0.005900,0.005354,0.988346,0.000400
dataset_external/up/up_00075.jpg,up,2,up,2,yes,0.999997,0.000000,0.000003,0.999997,0.000000
dataset_external/up/up_00076.jpg,up,2,up,2,yes,0.999989,0.000004,0.000005,0.999989,0.000002
dataset_external/up/up_00077.jpg,up,2,up,2,yes,0.999964,0.000001,0.000035,0.999964,0.000000
dataset_external/up/up_00078.jpg,up,2,up,2,yes,0.999961,0.000007,0.000020,0.999961,0.000012
dataset_external/up/up_00079.jpg,up,2,up,2,yes,0.999999,0.000000,0.000000,0.999999,0.000001
dataset_external/up/up_00080.jpg,up,2,up,2,yes,0.999982,0.000000,0.000004,0.999982,0.000014
dataset_external/up/up_00081.jpg,up,2,up,2,yes,1.000000,0.000000,0.000000,1.000000,0.000000
dataset_external/up/up_00082.jpg,up,2,up,2,yes,0.935648,0.000176,0.000186,0.935648,0.063989
dataset_external/up/up_00083.jpg,up,2,up,2,yes,0.999991,0.000000,0.000000,0.999991,0.000009
dataset_external/up/up_00084.jpg,up,2,up,2,yes,0.999958,0.000002,0.000006,0.999958,0.000033
dataset_external/up/up_00085.jpg,up,2,up,2,yes,0.999631,0.000015,0.000352,0.999631,0.000001
dataset_external/up/up_00086.jpg,up,2,up,2,yes,0.999848,0.000014,0.000071,0.999848,0.000068
dataset_external/up/up_00087.jpg,up,2,up,2,yes,0.999850,0.000002,0.000003,0.999850,0.000144
dataset_external/up/up_00088.jpg,up,2,up,2,yes,0.999999,0.000000,0.000000,0.999999,0.000001
dataset_external/up/up_00089.jpg,up,2,up,2,yes,0.999994,0.000002,0.000002,0.999994,0.000002
dataset_external/up/up_00090.jpg,up,2,up,2,yes,1.000000,0.000000,0.000000,1.000000,0.000000
dataset_external/up/up_00091.jpg,up,2,up,2,yes,1.000000,0.000000,0.000000,1.000000,0.000000
dataset_external/up/up_00092.jpg,up,2,up,2,yes,0.999935,0.000000,0.000000,0.999935,0.000065
dataset_external/up/up_00093.jpg,up,2,up,2,yes,0.999998,0.000000,0.000001,0.999998,0.000001
dataset_external/up/up_00094.jpg,up,2,up,2,yes,0.999920,0.000003,0.000077,0.999920,0.000000
dataset_external/up/up_00095.jpg,up,2,up,2,yes,0.999987,0.000001,0.000003,0.999987,0.000009
dataset_external/up/up_00096.jpg,up,2,up,2,yes,0.999997,0.000002,0.000001,0.999997,0.000000
dataset_external/up/up_00097.jpg,up,2,up,2,yes,0.999997,0.000000,0.000000,0.999997,0.000003
dataset_external/up/up_00098.jpg,up,2,up,2,yes,1.000000,0.000000,0.000000,1.000000,0.000000
dataset_external/up/up_00099.jpg,up,2,up,2,yes,0.999710,0.000000,0.000287,0.999710,0.000003
dataset_external/up/up_00100.jpg,up,2,up,2,yes,0.999992,0.000003,0.000003,0.999992,0.000002
dataset_external/up/up_00101.jpg,up,2,up,2,yes,0.996511,0.000413,0.000000,0.996511,0.003076
dataset_external/up/up_00102.jpg,up,2,up,2,yes,0.999889,0.000026,0.000056,0.999889,0.000029
dataset_external/up/up_00103.jpg,up,2,up,2,yes,0.999983,0.000000,0.000012,0.999983,0.000006
dataset_external/up/up_00104.jpg,up,2,up,2,yes,0.999799,0.000015,0.000178,0.999799,0.000008
dataset_external/up/up_00105.jpg,up,2,up,2,yes,0.990209,0.000009,0.000259,0.990209,0.009523
dataset_external/up/up_00106.jpg,up,2,up,2,yes,0.999940,0.000001,0.000046,0.999940,0.000014
dataset_external/up/up_00107.jpg,up,2,up,2,yes,0.999173,0.000110,0.000445,0.999173,0.000272
dataset_external/up/up_00108.jpg,up,2,up,2,yes,0.999962,0.000016,0.000018,0.999962,0.000003
dataset_external/up/up_00109.jpg,up,2,up,2,yes,0.993999,0.000167,0.000984,0.993999,0.004850
dataset_external/up/up_00110.jpg,up,2,up,2,yes,1.000000,0.000000,0.000000,1.000000,0.000000
dataset_external/up/up_00111.jpg,up,2,up,2,yes,0.999960,0.000029,0.000004,0.999960,0.000006
dataset_external/up/up_00112.jpg,up,2,up,2,yes,0.999999,0.000000,0.000001,0.999999,0.000000
dataset_external/up/up_00113.jpg,up,2,up,2,yes,0.999993,0.000000,0.000001,0.999993,0.000006
dataset_external/up/up_00114.jpg,up,2,up,2,yes,0.999828,0.000000,0.000167,0.999828,0.000005
dataset_external/up/up_00115.jpg,up,2,up,2,yes,1.000000,0.000000,0.000000,1.000000,0.000000
dataset_external/up/up_00116.jpg,up,2,up,2,yes,0.999503,0.000005,0.000241,0.999503,0.000251
dataset_external/up/up_00117.jpg,up,2,up,2,yes,0.999873,0.000094,0.000001,0.999873,0.000033
dataset_external/up/up_00118.jpg,up,2,up,2,yes,0.999986,0.000009,0.000003,0.999986,0.000002
dataset_external/up/up_00119.jpg,up,2,up,2,yes,0.999935,0.000018,0.000004,0.999935,0.000042
dataset_external/up/up_00120.jpg,up,2,up,2,yes,0.999959,0.000005,0.000005,0.999959,0.000031
dataset_external/up/up_00121.jpg,up,2,up,2,yes,0.999978,0.000000,0.000001,0.999978,0.000021
dataset_external/up/up_00122.jpg,up,2,up,2,yes,0.591132,0.000073,0.000006,0.591132,0.408788
dataset_external/up/up_00123.jpg,up,2,up,2,yes,0.999991,0.000002,0.000004,0.999991,0.000003
dataset_external/up/up_00124.jpg,up,2,up,2,yes,0.999990,0.000000,0.000010,0.999990,0.000000
dataset_external/up/up_00125.jpg,up,2,up,2,yes,1.000000,0.000000,0.000000,1.000000,0.000000
dataset_external/up/up_00126.jpg,up,2,up,2,yes,0.998851,0.000091,0.000730,0.998851,0.000328
dataset_external/up/up_00127.jpg,up,2,up,2,yes,0.999814,0.000000,0.000186,0.999814,0.000000
dataset_external/up/up_00128.jpg,up,2,up,2,yes,0.999998,0.000000,0.000000,0.999998,0.000002
dataset_external/up/up_00129.jpg,up,2,up,2,yes,0.999965,0.000024,0.000005,0.999965,0.000006
dataset_external/up/up_00130.jpg,up,2,up,2,yes,1.000000,0.000000,0.000000,1.000000,0.000000
dataset_external/up/up_00131.jpg,up,2,up,2,yes,1.000000,0.000000,0.000000,1.000000,0.000000
dataset_external/up/up_00132.jpg,up,2,up,2,yes,0.999932,0.000000,0.000064,0.999932,0.000004
dataset_external/up/up_00133.jpg,up,2,up,2,yes,0.960593,0.000443,0.000489,0.960593,0.038475
dataset_external/up/up_00134.jpg,up,2,up,2,yes,0.999903,0.000074,0.000019,0.999903,0.000003
dataset_external/up/up_00135.jpg,up,2,up,2,yes,0.995670,0.000004,0.003897,0.995670,0.000428
dataset_external/up/up_00136.jpg,up,2,up,2,yes,0.963495,0.000359,0.000076,0.963495,0.036069
dataset_external/up/up_00137.jpg,up,2,up,2,yes,0.999999,0.000000,0.000000,0.999999,0.000001
dataset_external/up/up_00138.jpg,up,2,up,2,yes,0.999984,0.000000,0.000014,0.999984,0.000002
dataset_external/up/up_00139.jpg,up,2,up,2,yes,1.000000,0.000000,0.000000,1.000000,0.000000
dataset_external/up/up_00140.jpg,up,2,up,2,yes,0.998078,0.000000,0.000081,0.998078,0.001841
dataset_external/up/up_00141.jpg,up,2,up,2,yes,0.999999,0.000000,0.000001,0.999999,0.000000
dataset_external/up/up_00142.jpg,up,2,up,2,yes,0.995861,0.000022,0.002161,0.995861,0.001956
dataset_external/up/up_00143.jpg,up,2,up,2,yes,0.999997,0.000000,0.000002,0.999997,0.000001
dataset_external/up/up_00144.jpg,up,2,up,2,yes,1.000000,0.000000,0.000000,1.000000,0.000000
dataset_external/up/up_00145.jpg,up,2,up,2,yes,0.999999,0.000000,0.000000,0.999999,0.000001
dataset_external/up/up_00146.jpg,up,2,up,2,yes,1.000000,0.000000,0.000000,1.000000,0.000000
dataset_external/up/up_00147.jpg,up,2,up,2,yes,0.999982,0.000000,0.000001,0.999982,0.000017
dataset_external/up/up_00148.jpg,up,2,up,2,yes,1.000000,0.000000,0.000000,1.000000,0.000000
dataset_external/up/up_00149.jpg,up,2,up,2,yes,0.999990,0.000003,0.000006,0.999990,0.000001
dataset_external/up/up_00150.jpg,up,2,up,2,yes,0.996855,0.002443,0.000478,0.996855,0.000224
dataset_external/up/up_00151.jpg,up,2,up,2,yes,1.000000,0.000000,0.000000,1.000000,0.000000
dataset_external/up/up_00152.jpg,up,2,up,2,yes,0.981465,0.000319,0.000005,0.981465,0.018211
dataset_external/up/up_00153.jpg,up,2,up,2,yes,0.998726,0.000007,0.000559,0.998726,0.000709
dataset_external/up/up_00154.jpg,up,2,up,2,yes,0.997566,0.000483,0.001904,0.997566,0.000046
dataset_external/up/up_00155.jpg,up,2,up,2,yes,0.996631,0.000484,0.002872,0.996631,0.000013
dataset_external/up/up_00156.jpg,up,2,up,2,yes,0.996382,0.000424,0.001831,0.996382,0.001362
dataset_external/up/up_00157.jpg,up,2,up,2,yes,0.999560,0.000030,0.000031,0.999560,0.000379
dataset_external/up/up_00158.jpg,up,2,up,2,yes,0.996284,0.001769,0.001798,0.996284,0.000148
dataset_external/up/up_00159.jpg,up,2,up,2,yes,0.999979,0.000001,0.000020,0.999979,0.000001
dataset_external/up/up_00160.jpg,up,2,up,2,yes,0.999977,0.000000,0.000018,0.999977,0.000005
dataset_external/up/up_00161.jpg,up,2,up,2,yes,0.999917,0.000005,0.000070,0.999917,0.000008
dataset_external/up/up_00162.jpg,up,2,up,2,yes,0.999849,0.000001,0.000127,0.999849,0.000023
dataset_external/up/up_00163.jpg,up,2,up,2,yes,0.999937,0.000000,0.000059,0.999937,0.000003
dataset_external/up/up_00164.jpg,up,2,up,2,yes,1.000000,0.000000,0.000000,1.000000,0.000000
dataset_external/up/up_00165.jpg,up,2,up,2,yes,0.999999,0.000000,0.000000,0.999999,0.000001
dataset_external/up/up_00166.jpg,up,2,up,2,yes,1.000000,0.000000,0.000000,1.000000,0.000000
dataset_external/up/up_00167.jpg,up,2,up,2,yes,0.999999,0.000000,0.000001,0.999999,0.000000
dataset_external/up/up_00168.jpg,up,2,up,2,yes,0.999987,0.000000,0.000013,0.999987,0.000000
dataset_external/up/up_00169.jpg,up,2,up,2,yes,0.998349,0.001494,0.000128,0.998349,0.000029
dataset_external/up/up_00170.jpg,up,2,up,2,yes,1.000000,0.000000,0.000000,1.000000,0.000000
dataset_external/up/up_00171.jpg,up,2,up,2,yes,0.999391,0.000174,0.000212,0.999391,0.000223
dataset_external/up/up_00172.jpg,up,2,up,2,yes,0.999999,0.000000,0.000001,0.999999,0.000000
dataset_external/up/up_00173.jpg,up,2,up,2,yes,0.999940,0.000000,0.000059,0.999940,0.000001
dataset_external/up/up_00174.jpg,up,2,up,2,yes,1.000000,0.000000,0.000000,1.000000,0.000000
dataset_external/up/up_00175.jpg,up,2,up,2,yes,0.999356,0.000005,0.000002,0.999356,0.000637
dataset_external/up/up_00176.jpg,up,2,up,2,yes,0.999555,0.000048,0.000198,0.999555,0.000199
dataset_external/up/up_00177.jpg,up,2,up,2,yes,0.999358,0.000000,0.000002,0.999358,0.000640
dataset_external/up/up_00178.jpg,up,2,up,2,yes,0.999973,0.000020,0.000007,0.999973,0.000000
dataset_external/up/up_00179.jpg,up,2,up,2,yes,0.999993,0.000001,0.000000,0.999993,0.000005
dataset_external/up/up_00180.jpg,up,2,up,2,yes,0.979626,0.000426,0.002790,0.979626,0.017158
dataset_external/up/up_00181.jpg,up,2,up,2,yes,0.999884,0.000000,0.000012,0.999884,0.000104
dataset_external/up/up_00182.jpg,up,2,up,2,yes,1.000000,0.000000,0.000000,1.000000,0.000000
dataset_external/up/up_00183.jpg,up,2,up,2,yes,0.999935,0.000005,0.000001,0.999935,0.000059
dataset_external/up/up_00184.jpg,up,2,up,2,yes,0.999959,0.000000,0.000026,0.999959,0.000015
dataset_external/up/up_00185.jpg,up,2,up,2,yes,1.000000,0.000000,0.000000,1.000000,0.000000
dataset_external/up/up_00186.jpg,up,2,up,2,yes,0.985966,0.000000,0.013982,0.985966,0.000052
dataset_external/up/up_00187.jpg,up,2,up,2,yes,0.999993,0.000001,0.000006,0.999993,0.000000
dataset_external/up/up_00188.jpg,up,2,up,2,yes,0.998795,0.000088,0.000353,0.998795,0.000764
dataset_external/up/up_00189.jpg,up,2,up,2,yes,1.000000,0.000000,0.000000,1.000000,0.000000
dataset_external/up/up_00190.jpg,up,2,up,2,yes,0.999998,0.000000,0.000001,0.999998,0.000000
dataset_external/up/up_00191.jpg,up,2,up,2,yes,1.000000,0.000000,0.000000,1.000000,0.000000
dataset_external/up/up_00192.jpg,up,2,up,2,yes,0.915354,0.004640,0.072632,0.915354,0.007374
dataset_external/up/up_00193.jpg,up,2,up,2,yes,0.995013,0.003882,0.000030,0.995013,0.001075
dataset_external/up/up_00194.jpg,up,2,up,2,yes,0.998514,0.001044,0.000308,0.998514,0.000134
dataset_external/up/up_00195.jpg,up,2,up,2,yes,0.998168,0.000020,0.000907,0.998168,0.000905
dataset_external/up/up_00196.jpg,up,2,up,2,yes,0.999962,0.000000,0.000000,0.999962,0.000038
dataset_external/up/up_00197.jpg,up,2,up,2,yes,0.999997,0.000003,0.000000,0.999997,0.000000
dataset_external/up/up_00198.jpg,up,2,up,2,yes,0.999834,0.000001,0.000146,0.999834,0.000020
dataset_external/up/up_00199.jpg,up,2,up,2,yes,0.999997,0.000000,0.000002,0.999997,0.000000
dataset_external/up/up_00200.jpg,up,2,up,2,yes,0.999405,0.000007,0.000088,0.999405,0.000500
dataset_external/up/up_00201.jpg,up,2,up,2,yes,0.999992,0.000003,0.000000,0.999992,0.000005
dataset_external/up/up_00202.jpg,up,2,up,2,yes,0.999997,0.000000,0.000000,0.999997,0.000003
dataset_external/up/up_00203.jpg,up,2,up,2,yes,1.000000,0.000000,0.000000,1.000000,0.000000
dataset_external/up/up_00204.jpg,up,2,up,2,yes,0.999935,0.000000,0.000065,0.999935,0.000000
dataset_external/up/up_00205.jpg,up,2,up,2,yes,0.995425,0.000872,0.003011,0.995425,0.000692
dataset_external/up/up_00206.jpg,up,2,up,2,yes,1.000000,0.000000,0.000000,1.000000,0.000000
dataset_external/up/up_00207.jpg,up,2,up,2,yes,0.999566,0.000029,0.000004,0.999566,0.000402
dataset_external/up/up_00208.jpg,up,2,up,2,yes,0.999987,0.000000,0.000006,0.999987,0.000007
dataset_external/up/up_00209.jpg,up,2,up,2,yes,0.999897,0.000000,0.000002,0.999897,0.000101
dataset_external/up/up_00210.jpg,up,2,up,2,yes,0.999980,0.000002,0.000003,0.999980,0.000015
dataset_external/up/up_00211.jpg,up,2,up,2,yes,0.999980,0.000005,0.000001,0.999980,0.000014
dataset_external/up/up_00212.jpg,up,2,up,2,yes,0.999997,0.000000,0.000001,0.999997,0.000002
dataset_external/up/up_00213.jpg,up,2,up,2,yes,0.999999,0.000000,0.000000,0.999999,0.000001
dataset_external/up/up_00214.jpg,up,2,up,2,yes,1.000000,0.000000,0.000000,1.000000,0.000000
dataset_external/up/up_00215.jpg,up,2,up,2,yes,1.000000,0.000000,0.000000,1.000000,0.000000
dataset_external/up/up_00216.jpg,up,2,up,2,yes,0.999997,0.000000,0.000000,0.999997,0.000003
dataset_external/up/up_00217.jpg,up,2,up,2,yes,0.997849,0.000935,0.000003,0.997849,0.001214
dataset_external/up/up_00218.jpg,up,2,up,2,yes,0.999811,0.000001,0.000100,0.999811,0.000089
dataset_external/up/up_00219.jpg,up,2,up,2,yes,0.999994,0.000002,0.000001,0.999994,0.000003
dataset_external/up/up_00220.jpg,up,2,up,2,yes,0.999996,0.000000,0.000004,0.999996,0.000001
dataset_external/up/up_00221.jpg,up,2,up,2,yes,0.999954,0.000025,0.000003,0.999954,0.000019
dataset_external/up/up_00222.jpg,up,2,up,2,yes,0.999949,0.000000,0.000005,0.999949,0.000046
dataset_external/up/up_00223.jpg,up,2,up,2,yes,0.999994,0.000000,0.000006,0.999994,0.000000
dataset_external/up/up_00224.jpg,up,2,up,2,yes,0.999675,0.000309,0.000001,0.999675,0.000015
dataset_external/up/up_00225.jpg,up,2,up,2,yes,0.999998,0.000000,0.000001,0.999998,0.000001
dataset_external/up/up_00226.jpg,up,2,up,2,yes,0.999946,0.000000,0.000054,0.999946,0.000000
dataset_external/up/up_00227.jpg,up,2,up,2,yes,0.999769,0.000069,0.000137,0.999769,0.000025
dataset_external/up/up_00228.jpg,up,2,up,2,yes,0.999264,0.000003,0.000128,0.999264,0.000604
dataset_external/up/up_00229.jpg,up,2,up,2,yes,0.999999,0.000000,0.000001,0.999999,0.000000
dataset_external/up/up_00230.jpg,up,2,up,2,yes,0.999969,0.000000,0.000002,0.999969,0.000029
dataset_external/up/up_00231.jpg,up,2,up,2,yes,0.999998,0.000000,0.000002,0.999998,0.000000
dataset_external/up/up_00232.jpg,up,2,up,2,yes,0.999994,0.000000,0.000000,0.999994,0.000006
dataset_external/up/up_00233.jpg,up,2,up,2,yes,1.000000,0.000000,0.000000,1.000000,0.000000
dataset_external/up/up_00234.jpg,up,2,up,2,yes,0.991162,0.000183,0.008557,0.991162,0.000097
dataset_external/up/up_00235.jpg,up,2,up,2,yes,0.999848,0.000144,0.000006,0.999848,0.000002
dataset_external/up/up_00236.jpg,up,2,up,2,yes,0.999618,0.000001,0.000324,0.999618,0.000058
dataset_external/up/up_00237.jpg,up,2,up,2,yes,0.616929,0.378606,0.000229,0.616929,0.004236
dataset_external/up/up_00238.jpg,up,2,up,2,yes,0.999492,0.000046,0.000358,0.999492,0.000104
dataset_external/up/up_00239.jpg,up,2,up,2,yes,0.999999,0.000000,0.000000,0.999999,0.000001
dataset_external/up/up_00240.jpg,up,2,up,2,yes,0.999701,0.000163,0.000011,0.999701,0.000126
dataset_external/up/up_00241.jpg,up,2,up,2,yes,1.000000,0.000000,0.000000,1.000000,0.000000
dataset_external/up/up_00242.jpg,up,2,up,2,yes,0.999671,0.000002,0.000055,0.999671,0.000271
dataset_external/up/up_00243.jpg,up,2,up,2,yes,0.999986,0.000000,0.000010,0.999986,0.000004
dataset_external/up/up_00244.jpg,up,2,up,2,yes,1.000000,0.000000,0.000000,1.000000,0.000000
dataset_external/up/up_00245.jpg,up,2,up,2,yes,0.998567,0.000316,0.000176,0.998567,0.000940
dataset_external/up/up_00246.jpg,up,2,up,2,yes,1.000000,0.000000,0.000000,1.000000,0.000000
dataset_external/up/up_00247.jpg,up,2,up,2,yes,1.000000,0.000000,0.000000,1.000000,0.000000
dataset_external/up/up_00248.jpg,up,2,up,2,yes,0.999568,0.000001,0.000037,0.999568,0.000394
dataset_external/up/up_00249.jpg,up,2,up,2,yes,0.999997,0.000000,0.000002,0.999997,0.000000
dataset_external/up/up_00250.jpg,up,2,up,2,yes,0.999694,0.000016,0.000264,0.999694,0.000026
dataset_external/up/up_00251.jpg,up,2,up,2,yes,1.000000,0.000000,0.000000,1.000000,0.000000
dataset_external/up/up_00252.jpg,up,2,up,2,yes,0.999986,0.000000,0.000007,0.999986,0.000007
dataset_external/up/up_00253.jpg,up,2,up,2,yes,0.999996,0.000003,0.000001,0.999996,0.000001
dataset_external/up/up_00254.jpg,up,2,up,2,yes,0.999996,0.000000,0.000003,0.999996,0.000001
dataset_external/up/up_00255.jpg,up,2,up,2,yes,0.999579,0.000109,0.000166,0.999579,0.000146
dataset_external/up/up_00256.jpg,up,2,up,2,yes,0.999427,0.000001,0.000291,0.999427,0.000282
dataset_external/up/up_00257.jpg,up,2,up,2,yes,0.999527,0.000000,0.000473,0.999527,0.000000
dataset_external/up/up_00258.jpg,up,2,up,2,yes,0.969739,0.000133,0.007101,0.969739,0.023027
dataset_external/up/up_00259.jpg,up,2,up,2,yes,0.999999,0.000000,0.000001,0.999999,0.000000
dataset_external/up/up_00260.jpg,up,2,up,2,yes,0.999770,0.000001,0.000073,0.999770,0.000156
dataset_external/up/up_00261.jpg,up,2,up,2,yes,0.999998,0.000000,0.000000,0.999998,0.000002
dataset_external/up/up_00262.jpg,up,2,up,2,yes,0.999994,0.000000,0.000005,0.999994,0.000001
dataset_external/up/up_00263.jpg,up,2,up,2,yes,1.000000,0.000000,0.000000,1.000000,0.000000
dataset_external/up/up_00264.jpg,up,2,up,2,yes,0.994977,0.000182,0.000343,0.994977,0.004498
dataset_external/up/up_00265.jpg,up,2,up,2,yes,0.999973,0.000000,0.000000,0.999973,0.000027
dataset_external/up/up_00266.jpg,up,2,up,2,yes,0.999958,0.000008,0.000033,0.999958,0.000001
dataset_external/up/up_00267.jpg,up,2,up,2,yes,0.999996,0.000000,0.000000,0.999996,0.000004
dataset_external/up/up_00268.jpg,up,2,up,2,yes,0.999999,0.000000,0.000000,0.999999,0.000000
dataset_external/up/up_00269.jpg,up,2,up,2,yes,0.999999,0.000000,0.000000,0.999999,0.000001
dataset_external/up/up_00270.jpg,up,2,up,2,yes,0.999949,0.000044,0.000007,0.999949,0.000000
dataset_external/up/up_00271.jpg,up,2,up,2,yes,0.999893,0.000000,0.000026,0.999893,0.000080
dataset_external/up/up_00272.jpg,up,2,up,2,yes,0.999998,0.000000,0.000000,0.999998,0.000001
dataset_external/up/up_00273.jpg,up,2,up,2,yes,0.999979,0.000000,0.000000,0.999979,0.000020
dataset_external/up/up_00274.jpg,up,2,up,2,yes,0.999620,0.000000,0.000377,0.999620,0.000003
dataset_external/up/up_00275.jpg,up,2,up,2,yes,1.000000,0.000000,0.000000,1.000000,0.000000
dataset_external/up/up_00276.jpg,up,2,up,2,yes,1.000000,0.000000,0.000000,1.000000,0.000000
dataset_external/up/up_00277.jpg,up,2,up,2,yes,0.989867,0.000006,0.000009,0.989867,0.010119
dataset_external/up/up_00278.jpg,up,2,up,2,yes,0.999995,0.000003,0.000002,0.999995,0.000000
dataset_external/up/up_00279.jpg,up,2,up,2,yes,0.999950,0.000000,0.000039,0.999950,0.000011
dataset_external/up/up_00280.jpg,up,2,up,2,yes,0.994928,0.000005,0.000000,0.994928,0.005068
dataset_external/up/up_00281.jpg,up,2,up,2,yes,0.999935,0.000000,0.000065,0.999935,0.000000
dataset_external/up/up_00282.jpg,up,2,up,2,yes,0.997291,0.000000,0.000001,0.997291,0.002708
dataset_external/up/up_00283.jpg,up,2,up,2,yes,0.999334,0.000001,0.000003,0.999334,0.000662
dataset_external/up/up_00284.jpg,up,2,up,2,yes,0.999984,0.000015,0.000000,0.999984,0.000002
dataset_external/up/up_00285.jpg,up,2,up,2,yes,0.999149,0.000000,0.000851,0.999149,0.000000
dataset_external/up/up_00286.jpg,up,2,up,2,yes,0.999985,0.000002,0.000006,0.999985,0.000007
dataset_external/up/up_00287.jpg,up,2,up,2,yes,0.999576,0.000005,0.000035,0.999576,0.000384
dataset_external/up/up_00288.jpg,up,2,up,2,yes,0.999999,0.000000,0.000000,0.999999,0.000001
dataset_external/up/up_00289.jpg,up,2,up,2,yes,0.999944,0.000000,0.000000,0.999944,0.000055
dataset_external/up/up_00290.jpg,up,2,up,2,yes,0.999977,0.000000,0.000004,0.999977,0.000019
dataset_external/up/up_00291.jpg,up,2,up,2,yes,0.999995,0.000003,0.000001,0.999995,0.000001
dataset_external/up/up_00292.jpg,up,2,up,2,yes,1.000000,0.000000,0.000000,1.000000,0.000000
dataset_external/up/up_00293.jpg,up,2,up,2,yes,0.999954,0.000004,0.000000,0.999954,0.000041
dataset_external/up/up_00294.jpg,up,2,up,2,yes,0.999963,0.000014,0.000008,0.999963,0.000015
dataset_external/up/up_00295.jpg,up,2,up,2,yes,0.987198,0.001893,0.000094,0.987198,0.010816
dataset_external/up/up_00296.jpg,up,2,up,2,yes,0.999998,0.000000,0.000002,0.999998,0.000000
dataset_external/up/up_00297.jpg,up,2,up,2,yes,0.999908,0.000000,0.000067,0.999908,0.000025
dataset_external/up/up_00298.jpg,up,2,up,2,yes,0.907612,0.000058,0.000229,0.907612,0.092101
dataset_external/up/up_00299.jpg,up,2,up,2,yes,0.999992,0.000002,0.000001,0.999992,0.000005
dataset_external/up/up_00300.jpg,up,2,up,2,yes,1.000000,0.000000,0.000000,1.000000,0.000000
dataset_external/up/up_00301.jpg,up,2,up,2,yes,0.999979,0.000001,0.000019,0.999979,0.000001
dataset_external/up/up_00302.jpg,up,2,up,2,yes,0.999992,0.000000,0.000002,0.999992,0.000006
dataset_external/up/up_00303.jpg,up,2,up,2,yes,0.985001,0.000050,0.000373,0.985001,0.014576
dataset_external/up/up_00304.jpg,up,2,up,2,yes,0.999949,0.000024,0.000009,0.999949,0.000019
dataset_external/up/up_00305.jpg,up,2,up,2,yes,0.999996,0.000000,0.000003,0.999996,0.000000
dataset_external/up/up_00306.jpg,up,2,up,2,yes,0.997754,0.000000,0.002182,0.997754,0.000064
dataset_external/up/up_00307.jpg,up,2,up,2,yes,0.999992,0.000003,0.000002,0.999992,0.000003
dataset_external/up/up_00308.jpg,up,2,up,2,yes,1.000000,0.000000,0.000000,1.000000,0.000000
dataset_external/up/up_00309.jpg,up,2,up,2,yes,1.000000,0.000000,0.000000,1.000000,0.000000
dataset_external/up/up_00310.jpg,up,2,up,2,yes,0.999972,0.000001,0.000026,0.999972,0.000001
dataset_external/up/up_00311.jpg,up,2,up,2,yes,0.999822,0.000000,0.000008,0.999822,0.000170
dataset_external/up/up_00312.jpg,up,2,up,2,yes,0.999981,0.000011,0.000006,0.999981,0.000001
dataset_external/up/up_00313.jpg,up,2,up,2,yes,0.999944,0.000000,0.000056,0.999944,0.000000
dataset_external/up/up_00314.jpg,up,2,up,2,yes,0.999953,0.000013,0.000001,0.999953,0.000033
dataset_external/up/up_00315.jpg,up,2,up,2,yes,0.998590,0.000127,0.000545,0.998590,0.000738
dataset_external/up/up_00316.jpg,up,2,up,2,yes,0.999993,0.000000,0.000000,0.999993,0.000007
dataset_external/up/up_00317.jpg,up,2,up,2,yes,0.999999,0.000000,0.000001,0.999999,0.000001
dataset_external/up/up_00318.jpg,up,2,up,2,yes,0.997725,0.000000,0.000000,0.997725,0.002275
dataset_external/up/up_00319.jpg,up,2,up,2,yes,0.999981,0.000009,0.000004,0.999981,0.000006
dataset_external/up/up_00320.jpg,up,2,up,2,yes,0.999999,0.000000,0.000001,0.999999,0.000000
dataset_external/up/up_00321.jpg,up,2,up,2,yes,0.999996,0.000002,0.000001,0.999996,0.000001
dataset_external/up/up_00322.jpg,up,2,up,2,yes,0.999233,0.000012,0.000706,0.999233,0.000049
dataset_external/up/up_00323.jpg,up,2,up,2,yes,0.999999,0.000000,0.000001,0.999999,0.000000
dataset_external/up/up_00324.jpg,up,2,up,2,yes,1.000000,0.000000,0.000000,1.000000,0.000000
dataset_external/up/up_00325.jpg,up,2,up,2,yes,0.999999,0.000000,0.000001,0.999999,0.000000
dataset_external/up/up_00326.jpg,up,2,up,2,yes,0.999972,0.000006,0.000020,0.999972,0.000003
dataset_external/up/up_00327.jpg,up,2,up,2,yes,0.999470,0.000000,0.000012,0.999470,0.000518
dataset_external/up/up_00328.jpg,up,2,up,2,yes,0.999989,0.000001,0.000001,0.999989,0.000010
dataset_external/up/up_00329.jpg,up,2,up,2,yes,0.999233,0.000031,0.000680,0.999233,0.000056
dataset_external/up/up_00330.jpg,up,2,up,2,yes,0.999347,0.000007,0.000046,0.999347,0.000600
dataset_external/up/up_00331.jpg,up,2,up,2,yes,0.994916,0.000008,0.000003,0.994916,0.005073
dataset_external/up/up_00332.jpg,up,2,up,2,yes,0.999993,0.000000,0.000005,0.999993,0.000001
dataset_external/up/up_00333.jpg,up,2,up,2,yes,1.000000,0.000000,0.000000,1.000000,0.000000
dataset_external/up/up_00334.jpg,up,2,up,2,yes,0.998186,0.000478,0.001297,0.998186,0.000039
dataset_external/up/up_00335.jpg,up,2,up,2,yes,0.999994,0.000000,0.000006,0.999994,0.000000
dataset_external/up/up_00336.jpg,up,2,up,2,yes,0.999999,0.000000,0.000000,0.999999,0.000000
dataset_external/up/up_00337.jpg,up,2,up,2,yes,1.000000,0.000000,0.000000,1.000000,0.000000
dataset_external/up/up_00338.jpg,up,2,up,2,yes,0.999570,0.000061,0.000023,0.999570,0.000346
dataset_external/up/up_00339.jpg,up,2,up,2,yes,1.000000,0.000000,0.000000,1.000000,0.000000
dataset_external/up/up_00340.jpg,up,2,up,2,yes,1.000000,0.000000,0.000000,1.000000,0.000000
dataset_external/up/up_00341.jpg,up,2,up,2,yes,0.999999,0.000000,0.000000,0.999999,0.000000
dataset_external/up/up_00342.jpg,up,2,up,2,yes,0.999993,0.000000,0.000001,0.999993,0.000006
dataset_external/up/up_00343.jpg,up,2,up,2,yes,0.999995,0.000000,0.000000,0.999995,0.000005
dataset_external/up/up_00344.jpg,up,2,up,2,yes,0.999990,0.000001,0.000009,0.999990,0.000000
dataset_external/up/up_00345.jpg,up,2,up,2,yes,0.999997,0.000002,0.000001,0.999997,0.000000
dataset_external/up/up_00346.jpg,up,2,up,2,yes,0.999917,0.000002,0.000007,0.999917,0.000074
dataset_external/up/up_00347.jpg,up,2,up,2,yes,1.000000,0.000000,0.000000,1.000000,0.000000
dataset_external/up/up_00348.jpg,up,2,up,2,yes,0.999999,0.000000,0.000001,0.999999,0.000000
dataset_external/up/up_00349.jpg,up,2,up,2,yes,0.999793,0.000018,0.000004,0.999793,0.000185
dataset_external/up/up_00350.jpg,up,2,up,2,yes,0.999952,0.000036,0.000001,0.999952,0.000010
dataset_external/up/up_00351.jpg,up,2,up,2,yes,1.000000,0.000000,0.000000,1.000000,0.000000
dataset_external/up/up_00352.jpg,up,2,up,2,yes,0.999203,0.000222,0.000005,0.999203,0.000570
dataset_external/up/up_00353.jpg,up,2,up,2,yes,1.000000,0.000000,0.000000,1.000000,0.000000
dataset_external/up/up_00354.jpg,up,2,up,2,yes,0.999768,0.000227,0.000002,0.999768,0.000003
dataset_external/up/up_00355.jpg,up,2,up,2,yes,0.998886,0.000000,0.000018,0.998886,0.001095
dataset_external/up/up_00356.jpg,up,2,up,2,yes,0.998589,0.000117,0.001158,0.998589,0.000137
dataset_external/up/up_00357.jpg,up,2,up,2,yes,1.000000,0.000000,0.000000,1.000000,0.000000
dataset_external/up/up_00358.jpg,up,2,up,2,yes,0.999604,0.000002,0.000391,0.999604,0.000002
dataset_external/up/up_00359.jpg,up,2,up,2,yes,0.966217,0.001409,0.000008,0.966217,0.032365
dataset_external/up/up_00360.jpg,up,2,up,2,yes,0.999910,0.000000,0.000000,0.999910,0.000089
dataset_external/up/up_00361.jpg,up,2,up,2,yes,0.999999,0.000000,0.000000,0.999999,0.000001
dataset_external/up/up_00362.jpg,up,2,up,2,yes,0.997810,0.000110,0.000030,0.997810,0.002049
dataset_external/up/up_00363.jpg,up,2,up,2,yes,0.985975,0.000004,0.014015,0.985975,0.000006
dataset_external/up/up_00364.jpg,up,2,up,2,yes,0.994121,0.003281,0.000009,0.994121,0.002589
dataset_external/up/up_00365.jpg,up,2,up,2,yes,0.999610,0.000186,0.000005,0.999610,0.000199
dataset_external/up/up_00366.jpg,up,2,up,2,yes,0.988439,0.000004,0.011547,0.988439,0.000010
dataset_external/up/up_00367.jpg,up,2,up,2,yes,0.999999,0.000000,0.000001,0.999999,0.000000
dataset_external/up/up_00368.jpg,up,2,up,2,yes,0.999348,0.000640,0.000006,0.999348,0.000007
dataset_external/up/up_00369.jpg,up,2,up,2,yes,0.999521,0.000009,0.000231,0.999521,0.000240
dataset_external/up/up_00370.jpg,up,2,up,2,yes,0.999919,0.000002,0.000025,0.999919,0.000054
dataset_external/up/up_00371.jpg,up,2,up,2,yes,0.999999,0.000000,0.000001,0.999999,0.000000
dataset_external/up/up_00372.jpg,up,2,up,2,yes,0.987863,0.001603,0.008875,0.987863,0.001659
dataset_external/up/up_00373.jpg,up,2,up,2,yes,1.000000,0.000000,0.000000,1.000000,0.000000
dataset_external/up/up_00374.jpg,up,2,up,2,yes,0.999797,0.000000,0.000084,0.999797,0.000119
dataset_external/up/up_00375.jpg,up,2,up,2,yes,0.999920,0.000000,0.000000,0.999920,0.000080
dataset_external/up/up_00376.jpg,up,2,up,2,yes,0.975951,0.000291,0.001122,0.975951,0.022636
dataset_external/up/up_00377.jpg,up,2,up,2,yes,0.999683,0.000027,0.000000,0.999683,0.000290
dataset_external/up/up_00378.jpg,up,2,up,2,yes,1.000000,0.000000,0.000000,1.000000,0.000000
dataset_external/up/up_00379.jpg,up,2,up,2,yes,0.999892,0.000000,0.000000,0.999892,0.000107
dataset_external/up/up_00380.jpg,up,2,up,2,yes,1.000000,0.000000,0.000000,1.000000,0.000000
dataset_external/up/up_00381.jpg,up,2,up,2,yes,1.000000,0.000000,0.000000,1.000000,0.000000
dataset_external/up/up_00382.jpg,up,2,up,2,yes,0.999985,0.000000,0.000011,0.999985,0.000005
dataset_external/up/up_00383.jpg,up,2,up,2,yes,0.999004,0.000000,0.000978,0.999004,0.000017
dataset_external/up/up_00384.jpg,up,2,up,2,yes,0.999997,0.000000,0.000002,0.999997,0.000000
dataset_external/up/up_00385.jpg,up,2,up,2,yes,0.999968,0.000001,0.000013,0.999968,0.000018
dataset_external/up/up_00386.jpg,up,2,up,2,yes,0.999992,0.000000,0.000008,0.999992,0.000000
dataset_external/up/up_00387.jpg,up,2,up,2,yes,0.969932,0.000062,0.024487,0.969932,0.005519
dataset_external/up/up_00388.jpg,up,2,up,2,yes,1.000000,0.000000,0.000000,1.000000,0.000000
dataset_external/up/up_00389.jpg,up,2,up,2,yes,0.999746,0.000005,0.000016,0.999746,0.000233
dataset_external/up/up_00390.jpg,up,2,up,2,yes,0.998672,0.000006,0.000088,0.998672,0.001235
dataset_external/up/up_00391.jpg,up,2,up,2,yes,1.000000,0.000000,0.000000,1.000000,0.000000
dataset_external/up/up_00392.jpg,up,2,up,2,yes,0.683207,0.000018,0.000011,0.683207,0.316764
dataset_external/up/up_00393.jpg,up,2,up,2,yes,1.000000,0.000000,0.000000,1.000000,0.000000
dataset_external/up/up_00394.jpg,up,2,up,2,yes,1.000000,0.000000,0.000000,1.000000,0.000000
dataset_external/up/up_00395.jpg,up,2,up,2,yes,0.999987,0.000000,0.000005,0.999987,0.000008
dataset_external/up/up_00396.jpg,up,2,up,2,yes,0.999960,0.000002,0.000006,0.999960,0.000033
dataset_external/up/up_00397.jpg,up,2,up,2,yes,0.999979,0.000005,0.000002,0.999979,0.000015
dataset_external/up/up_00398.jpg,up,2,up,2,yes,0.999895,0.000035,0.000013,0.999895,0.000057
dataset_external/up/up_00399.jpg,up,2,up,2,yes,0.999999,0.000000,0.000000,0.999999,0.000001
dataset_external/up/up_00400.jpg,up,2,up,2,yes,0.999999,0.000000,0.000001,0.999999,0.000001
dataset_external/up/up_00401.jpg,up,2,up,2,yes,0.997630,0.000047,0.002286,0.997630,0.000037
dataset_external/up/up_00402.jpg,up,2,up,2,yes,0.999521,0.000056,0.000083,0.999521,0.000340
dataset_external/up/up_00403.jpg,up,2,up,2,yes,0.999599,0.000142,0.000011,0.999599,0.000248
dataset_external/up/up_00404.jpg,up,2,up,2,yes,0.999287,0.000000,0.000568,0.999287,0.000145
dataset_external/up/up_00405.jpg,up,2,up,2,yes,0.999936,0.000021,0.000008,0.999936,0.000034
dataset_external/up/up_00406.jpg,up,2,up,2,yes,0.999998,0.000000,0.000001,0.999998,0.000000
dataset_external/up/up_00407.jpg,up,2,up,2,yes,1.000000,0.000000,0.000000,1.000000,0.000000
dataset_external/up/up_00408.jpg,up,2,up,2,yes,0.996492,0.000034,0.003407,0.996492,0.000068
dataset_external/up/up_00409.jpg,up,2,up,2,yes,0.999998,0.000000,0.000001,0.999998,0.000001
dataset_external/up/up_00410.jpg,up,2,up,2,yes,1.000000,0.000000,0.000000,1.000000,0.000000
dataset_external/up/up_00411.jpg,up,2,up,2,yes,0.999345,0.000031,0.000208,0.999345,0.000416
dataset_external/up/up_00412.jpg,up,2,up,2,yes,0.993673,0.000086,0.005597,0.993673,0.000644
dataset_external/up/up_00413.jpg,up,2,up,2,yes,0.999907,0.000012,0.000057,0.999907,0.000024
dataset_external/up/up_00414.jpg,up,2,up,2,yes,0.999996,0.000000,0.000002,0.999996,0.000002
dataset_external/up/up_00415.jpg,up,2,up,2,yes,0.999818,0.000052,0.000021,0.999818,0.000108
dataset_external/up/up_00416.jpg,up,2,up,2,yes,0.999726,0.000000,0.000272,0.999726,0.000002
dataset_external/up/up_00417.jpg,up,2,up,2,yes,0.999960,0.000002,0.000026,0.999960,0.000012
dataset_external/up/up_00418.jpg,up,2,up,2,yes,0.999998,0.000001,0.000000,0.999998,0.000000
dataset_external/up/up_00419.jpg,up,2,up,2,yes,0.998790,0.000000,0.001176,0.998790,0.000034
dataset_external/up/up_00420.jpg,up,2,up,2,yes,0.996927,0.000000,0.003070,0.996927,0.000002
dataset_external/up/up_00421.jpg,up,2,up,2,yes,0.999961,0.000002,0.000027,0.999961,0.000011
dataset_external/up/up_00422.jpg,up,2,up,2,yes,0.906541,0.000309,0.000553,0.906541,0.092597
dataset_external/up/up_00423.jpg,up,2,up,2,yes,0.964538,0.000008,0.000008,0.964538,0.035446
dataset_external/up/up_00424.jpg,up,2,up,2,yes,0.999740,0.000031,0.000066,0.999740,0.000163
dataset_external/up/up_00425.jpg,up,2,up,2,yes,1.000000,0.000000,0.000001,1.000000,0.000000
dataset_external/up/up_00426.jpg,up,2,up,2,yes,0.999998,0.000000,0.000001,0.999998,0.000001
dataset_external/up/up_00427.jpg,up,2,up,2,yes,0.992652,0.000013,0.007333,0.992652,0.000003
dataset_external/up/up_00428.jpg,up,2,up,2,yes,1.000000,0.000000,0.000000,1.000000,0.000000
dataset_external/up/up_00429.jpg,up,2,up,2,yes,0.999983,0.000002,0.000001,0.999983,0.000015
dataset_external/up/up_00430.jpg,up,2,up,2,yes,0.998800,0.000002,0.000008,0.998800,0.001190
dataset_external/up/up_00431.jpg,up,2,up,2,yes,0.999998,0.000000,0.000001,0.999998,0.000000
dataset_external/up/up_00432.jpg,up,2,up,2,yes,0.999999,0.000001,0.000000,0.999999,0.000000
dataset_external/up/up_00433.jpg,up,2,up,2,yes,1.000000,0.000000,0.000000,1.000000,0.000000
dataset_external/up/up_00434.jpg,up,2,up,2,yes,0.999998,0.000000,0.000002,0.999998,0.000000
dataset_external/up/up_00435.jpg,up,2,up,2,yes,0.999998,0.000000,0.000000,0.999998,0.000002
dataset_external/up/up_00436.jpg,up,2,up,2,yes,0.999999,0.000000,0.000000,0.999999,0.000000
dataset_external/up/up_00437.jpg,up,2,up,2,yes,0.999832,0.000000,0.000136,0.999832,0.000031
dataset_external/up/up_00438.jpg,up,2,up,2,yes,0.999712,0.000030,0.000006,0.999712,0.000252
dataset_external/up/up_00439.jpg,up,2,up,2,yes,0.988722,0.000000,0.011256,0.988722,0.000021
dataset_external/up/up_00440.jpg,up,2,up,2,yes,0.999998,0.000000,0.000001,0.999998,0.000001
dataset_external/up/up_00441.jpg,up,2,up,2,yes,0.999552,0.000002,0.000435,0.999552,0.000011
dataset_external/up/up_00442.jpg,up,2,up,2,yes,0.999995,0.000000,0.000004,0.999995,0.000001
dataset_external/up/up_00443.jpg,up,2,up,2,yes,0.999972,0.000000,0.000025,0.999972,0.000002
dataset_external/up/up_00444.jpg,up,2,up,2,yes,1.000000,0.000000,0.000000,1.000000,0.000000
dataset_external/up/up_00445.jpg,up,2,up,2,yes,0.998389,0.000129,0.001010,0.998389,0.000473
dataset_external/up/up_00446.jpg,up,2,up,2,yes,0.999995,0.000001,0.000002,0.999995,0.000002
dataset_external/up/up_00447.jpg,up,2,up,2,yes,0.999999,0.000000,0.000000,0.999999,0.000001
dataset_external/up/up_00448.jpg,up,2,up,2,yes,0.998808,0.000021,0.001163,0.998808,0.000008
dataset_external/up/up_00449.jpg,up,2,up,2,yes,0.999916,0.000000,0.000012,0.999916,0.000071
dataset_external/up/up_00450.jpg,up,2,up,2,yes,0.999993,0.000000,0.000007,0.999993,0.000000
dataset_external/up/up_00451.jpg,up,2,up,2,yes,0.999999,0.000000,0.000001,0.999999,0.000001
dataset_external/up/up_00452.jpg,up,2,up,2,yes,0.999958,0.000010,0.000014,0.999958,0.000018
dataset_external/up/up_00453.jpg,up,2,up,2,yes,0.999540,0.000016,0.000444,0.999540,0.000000
dataset_external/up/up_00454.jpg,up,2,up,2,yes,0.999999,0.000000,0.000001,0.999999,0.000000
dataset_external/up/up_00455.jpg,up,2,up,2,yes,0.999964,0.000000,0.000001,0.999964,0.000035
dataset_external/up/up_00456.jpg,up,2,up,2,yes,0.999668,0.000018,0.000179,0.999668,0.000136
dataset_external/up/up_00457.jpg,up,2,up,2,yes,0.999826,0.000095,0.000054,0.999826,0.000025
dataset_external/up/up_00458.jpg,up,2,up,2,yes,0.997766,0.001270,0.000082,0.997766,0.000883
dataset_external/up/up_00459.jpg,up,2,up,2,yes,0.999117,0.000049,0.000431,0.999117,0.000402
dataset_external/up/up_00460.jpg,up,2,up,2,yes,0.997913,0.001407,0.000607,0.997913,0.000073
dataset_external/up/up_00461.jpg,up,2,up,2,yes,0.999907,0.000001,0.000003,0.999907,0.000089
dataset_external/up/up_00462.jpg,up,2,up,2,yes,0.999935,0.000000,0.000000,0.999935,0.000064
dataset_external/up/up_00463.jpg,up,2,up,2,yes,1.000000,0.000000,0.000000,1.000000,0.000000
dataset_external/up/up_00464.jpg,up,2,up,2,yes,0.999871,0.000000,0.000040,0.999871,0.000088
dataset_external/up/up_00465.jpg,up,2,up,2,yes,0.999998,0.000001,0.000000,0.999998,0.000001
dataset_external/up/up_00466.jpg,up,2,up,2,yes,0.999998,0.000000,0.000002,0.999998,0.000000
dataset_external/up/up_00467.jpg,up,2,up,2,yes,0.990512,0.000343,0.000402,0.990512,0.008743
dataset_external/up/up_00468.jpg,up,2,up,2,yes,1.000000,0.000000,0.000000,1.000000,0.000000
dataset_external/up/up_00469.jpg,up,2,up,2,yes,1.000000,0.000000,0.000000,1.000000,0.000000
dataset_external/up/up_00470.jpg,up,2,up,2,yes,0.999996,0.000000,0.000000,0.999996,0.000003
dataset_external/up/up_00471.jpg,up,2,up,2,yes,0.996787,0.000107,0.002741,0.996787,0.000366
dataset_external/up/up_00472.jpg,up,2,up,2,yes,0.999855,0.000001,0.000024,0.999855,0.000120
dataset_external/up/up_00473.jpg,up,2,up,2,yes,0.999995,0.000000,0.000001,0.999995,0.000004
dataset_external/up/up_00474.jpg,up,2,up,2,yes,0.999999,0.000000,0.000001,0.999999,0.000000
dataset_external/up/up_00475.jpg,up,2,up,2,yes,0.657157,0.007729,0.000017,0.657157,0.335097
dataset_external/up/up_00476.jpg,up,2,up,2,yes,0.992650,0.000402,0.000038,0.992650,0.006910
dataset_external/up/up_00477.jpg,up,2,up,2,yes,0.998448,0.000008,0.000792,0.998448,0.000751
dataset_external/up/up_00478.jpg,up,2,up,2,yes,0.999996,0.000000,0.000004,0.999996,0.000000
dataset_external/up/up_00479.jpg,up,2,up,2,yes,0.947521,0.003350,0.014910,0.947521,0.034219
dataset_external/up/up_00480.jpg,up,2,up,2,yes,0.999987,0.000006,0.000004,0.999987,0.000003
dataset_external/up/up_00481.jpg,up,2,up,2,yes,0.999876,0.000107,0.000016,0.999876,0.000001
dataset_external/up/up_00482.jpg,up,2,up,2,yes,0.999921,0.000001,0.000033,0.999921,0.000045
dataset_external/up/up_00483.jpg,up,2,up,2,yes,0.999999,0.000000,0.000001,0.999999,0.000000
dataset_external/up/up_00484.jpg,up,2,up,2,yes,0.999999,0.000000,0.000001,0.999999,0.000000
dataset_external/up/up_00485.jpg,up,2,up,2,yes,0.999999,0.000000,0.000000,0.999999,0.000001
dataset_external/up/up_00486.jpg,up,2,up,2,yes,0.874560,0.001767,0.122160,0.874560,0.001513
dataset_external/up/up_00487.jpg,up,2,up,2,yes,0.999969,0.000021,0.000001,0.999969,0.000010
dataset_external/up/up_00488.jpg,up,2,up,2,yes,0.999996,0.000000,0.000004,0.999996,0.000000
dataset_external/up/up_00489.jpg,up,2,up,2,yes,0.999906,0.000000,0.000026,0.999906,0.000068
dataset_external/up/up_00490.jpg,up,2,up,2,yes,0.999395,0.000001,0.000222,0.999395,0.000382
dataset_external/up/up_00491.jpg,up,2,up,2,yes,0.999994,0.000000,0.000001,0.999994,0.000005
dataset_external/up/up_00492.jpg,up,2,up,2,yes,0.999790,0.000001,0.000200,0.999790,0.000010
dataset_external/up/up_00493.jpg,up,2,up,2,yes,0.999877,0.000007,0.000010,0.999877,0.000107
dataset_external/up/up_00494.jpg,up,2,up,2,yes,0.999999,0.000000,0.000000,0.999999,0.000001
dataset_external/up/up_00495.jpg,up,2,up,2,yes,0.999714,0.000000,0.000000,0.999714,0.000286
dataset_external/up/up_00496.jpg,up,2,up,2,yes,0.999951,0.000002,0.000002,0.999951,0.000046
dataset_external/up/up_00497.jpg,up,2,up,2,yes,0.993217,0.000058,0.000380,0.993217,0.006345
dataset_external/up/up_00498.jpg,up,2,up,2,yes,0.999695,0.000055,0.000012,0.999695,0.000238
dataset_external/up/up_00499.jpg,up,2,up,2,yes,1.000000,0.000000,0.000000,1.000000,0.000000
